id,question,answer,reference_law,excerpt_law,tags
001,Apakah perempuan bisa mencalonkan diri dalam pemilu?,"Ya, setiap warga negara indonesia baik perempuan maupun laki-laki memiliki hak untuk terlibat dalam pemerintahan","UUD 1945 Pasal 27 Ayat (1),",Pasal 27: (1) Yang menjadi warga negara ialah orang orang bangsa Indonesia asli dan orang orang bangsa lain yang disahkan dengan undangundang sebagai warga negara.,women
002,Berapa jumlah perempuan yang dibolehkan mengikuti pemilu?,"Tidak ada jumlah maksimal perempuan yang boleh menjadi peserta pemilu. Sebaliknya, partai politik yang menjadi peserta pemilu wajib menyertakan calon perempuan sebanyak minimal 30% (tiga puluh persen) dari total calon yang diajukannya.","UU No. 8 Tahun 2012 Pasal 8 Ayat (2) Huruf (e) dan Pasal 15 Huruf (d),",Pasal 8: Ayat (2) Partai politik yang tidak memenuhi ambang batas perolehan suara pada Pemilu sebelumnya atau partai politik baru dapat menjadi Peserta Pemilu setelah memenuhi persyaratan: (e) Menyertakan sekurang-kurangnya 30% (tiga puluh persen) keterwakilan perempuan pada kepengurusan partai politik tingkat pusat; Pasal 15 : Dokumen persyaratan sebagaimana dimaksud dalam Pasal 14 ayat (3) tentang Pendaftaran Partai Politik sebagai Calon Peserta Pemilu meliputi: (d) surat keterangan dari pengurus pusat partai politik tentang penyertaan keterwakilan perempuan sekurang-kurangnya 30% (tiga puluh persen) sesuai dengan ketentuan peraturan perundang-undangan;,women
003,Bagaimana mekanisme pendaftaran perempuan sebagai calon legislatif di pemilu?,"Mekanisme pendaftaran perempuan untuk menjadi calon legislatif di pemilu tidak ada bedanya dengan pendaftaran calon laki-laki. Pendaftaran dilakukan melalui seleksi bakal calon oleh partai politik masing-masing. Mekanisme yang digunakan dalam seleksi adalah demokrasi sesuai dengan anggaran dasar/anggaran rumah tangga atau peraturan internal partai masing-masing. Setelah terpilih, partai politik menyusun daftar bakal calon dan diajukan kepada KPU. Selanjutnya, KPU akan melakukan verifikasi. Calon yang lolos verifikasi akan masuk ke dalam daftar calon sementara. Setelah itu KPU akan kembali melakukan verifikasi, dan calon yang lolos akan masuk dan diumumkan sebagai daftar calon tetap. Untuk calon anggota DPR, daftar bakal calon dan verifikasi diajukan kepada KPU pusat. Untuk calon anggota DPRD Provinsi, daftar bakal calon dan verifikasi diajukan kepada KPU Provinsi. Untuk bakal calon anggota DPRD Kabupaten/Kota, daftar dan verifikasi diajukan ke KPU Kabupaten/Kota.","UU No. 8 Tahun 2012 Pasal 52 ayat (1), pasal 53 ayat (1), pasal 57 ayat (1), pasal 62 ayat (1)","Pasal 52 ayat (1): Partai Politik Peserta Pemilu melakukan seleksi bakal calon anggota DPR, DPRD provinsi, dan DPRD kabupaten/kota. Pasal 53 ayat (1) : Bakal calon sebagaimana dimaksud dalam Pasal 52 disusun dalam daftar bakal calon oleh partai politik masing-masing. Pasal 57 ayat (1) : Daftar bakal calon anggota DPR, DPRD provinsi, dan DPRD kabupaten/kota sebagaimana dimaksud dalam Pasal 53 diajukan kepada:
a. KPU untuk daftar bakal calon anggota DPR yang ditandatangani oleh ketua umum atau sebutan lain dan sekretaris jenderal atau sebutan lain;
b. KPU Provinsi untuk daftar bakal calon anggota DPRD provinsi yang ditandatangani oleh ketua atau sebutan lain dan sekretaris atau sebutan lain; dan
c. KPU Kabupaten/Kota untuk daftar bakal calon anggota DPRD kabupaten/kota yang ditandatangani oleh ketua atau sebutan lain dan sekretaris atau sebutan lain. Pasal 62 ayat (1) : Bakal calon yang lulus verifikasi sebagaimana dimaksud dalam Pasal 58 disusun dalam daftar calon sementara oleh:
a. KPU untuk daftar calon sementara anggota DPR;
b. KPU Provinsi untuk daftar calon sementara anggota DPRD provinsi; dan
c. KPU Kabupaten/Kota untuk daftar calon sementara anggota DPRD kabupaten/kota.",women
004,Apa itu Affirmative Action dalam pemilu?,Affirmative action adalah kebijakan yang diambil dengan tujuan agar kelompok/golongan tertentu mendapatkan kesempatan yang sama dengan kelompok/golongan lain pada bidang yang sama. UU Nomor 8 tahun 2012 adalah salah satu peraturan yang mengakomodasi kebijakan afirmasi bagi perempuan. Dalam UU tersebut diatur bahwa parpol peserta pemilu wajib menyertakan calon perempuan sebanyak minimal 30%. Hal ini bertujuan untuk mendorong agar jumlah perempuan di legislatif menjadi lebih representatif.,"UU No. 8 Tahun 2012 Pasal 8 Ayat (2) Huruf (e) dan Pasal 15 Huruf (d),",Pasal 8: Ayat (2) Partai politik yang tidak memenuhi ambang batas perolehan suara pada Pemilu sebelumnya atau partai politik baru dapat menjadi Peserta Pemilu setelah memenuhi persyaratan: (e) Menyertakan sekurang-kurangnya 30% (tiga puluh persen) keterwakilan perempuan pada kepengurusan partai politik tingkat pusat; Pasal 15 : Dokumen persyaratan sebagaimana dimaksud dalam Pasal 14 ayat (3) tentang Pendaftaran Partai Politik sebagai Calon Peserta Pemilu meliputi: (d) surat keterangan dari pengurus pusat partai politik tentang penyertaan keterwakilan perempuan sekurang-kurangnya 30% (tiga puluh persen) sesuai dengan ketentuan peraturan perundang-undangan;,women
005,Apa hak-hak perempuan dalam pemilu?,"Perempuan memiliki hak yang sama dengan laki-laki, yaitu berhak memperoleh kesempatan yang sama dalam pemerintahan. Itu berarti, perempuan memiliki hak yang sama untuk memilih maupun dipilih.","UUD 1945 Pasal 28D ayat (3), Pasal 28E ayat (1)","Pasal 28D (3) Setiap warga negara berhak memperoleh kesempatan yang sama dalam pemerintahan. Pasal 28E (1) Setiap orang bebas memeluk agama dan beribadat menurut agamanya, memilih pendidikan dan pengajaran, memilih pekerjaan, memilih kewarganegaraan, memilih tempat tinggal di wilayah negara dan meninggalkannya, serta berhak kembali.",women
006,Siapa saja calon kandidat dari perempuan untuk pemilu 2014?,"Daftar calon legislatif, termasuk calon perempuan dapat dilihat pada website KPU.",Tidak ada Undang-Undang yang menjawab tentang ini,Tidak ada Undang-Undang yang menjawab tentang ini,women
007,Apakah perempuan boleh menjadi panitia penyelenggara pemilu?,"Perempuan berhak menjadi salah satu penyelenggara pemilu. Bahkan UU Nomor 15 tahun 2011 tentang penyelenggara pemilu menyatakan bahwa KPU, KPU Provinsi, dan KPU Kabupaten/Kota wajib memperhatikan keterwakilan perempuan minimal sebanyak 30% dari total anggotanya.",UU No. 15 Tahun 2011 Pasal 6 Ayat (5) tentang Penyelenggara Pemilu,"Pasal 6 (5) Komposisi keanggotaan KPU, KPU Provinsi, dan KPU Kabupaten/Kota memperhatikan keterwakilan perempuan sekurang-kurangnya 30% (tiga puluh persen).",women
008,"Saya kuliah di jogja tapi tempat tinggal di jakarta, apakah bisa saya memilih di jogja?","Bisa, selama melapor terlebih dahulu di Panitia Pemungutan Suara tempat Anda seharusnya memilih. Panitia pemungutan suara selanjutnya akan memberikan surat pemberitahuan. Pada saat hari pemungutan suara, surat pemberitahuan tersebut dibawa dan ditunjukkan di TPS tempat Anda akan memilih.","Pasal 149 Ayat 1,Huruf (a), (b), (c), Pasal 2, dan Pasal 3","(1) Pemilih yang berhak mengikuti pemungutan suara di TPS meliputi: a. Pemilih yang terdaftar pada daftar pemilih tetap di TPS yang bersangkutan; b. Pemilih yang terdaftar pada daftar pemilih tambahan; dan c. Pemilih yang tidak terdaftar pada daftar pemilih tetap dan daftar pemilih tambahan. 
(2) Pemilih sebagaimana dimaksud pada ayat (1) huruf b dapat menggunakan haknya untuk memilih di TPS lain/TPSLN dengan menunjukkan surat pemberitahuan dari PPS untuk memberikan suara di TPS lain/TPSLN. (3) Dalam hal pada suatu TPS terdapat Pemilih sebagaimana dimaksud pada ayat (1) huruf b, KPPS pada TPS tersebut mencatat dan melaporkan kepada KPU Kabupaten/Kota 
melalui PPK.",student
009,"Saya sedang kuliah diluar negeri ketika hari H pemilu, apakah bisa saya memilih di luar negeri?","WNI yang sedang berada di luar negeri bisa memilih di luar negeri. Sebelum memilih, pemilih harus mendaftarkan diri di Panitia Pemilihan Luar Negeri (PPLN) yang terletak di kantor perwakilan RI di negara yang bersangkutan. Ada tiga cara pemilihan untuk pemilih luar negeri, yaitu melalui dropbox, pos, dan pemilihan langsung di tempat pemungutan suara di luar negeri.",UU Nomor 8 tahun 2012 pasal 158 s.d. pasal 173,,student
010,"Saya warga Aceh, tapi saya sedang kuliah di Jakarta, bisakah saya memilih Partai lokal Aceh dari jakarta?",,Tidak ada aturan yang mengatur hal tersebut,,student
011,"Saya sedang berada di Aceh pada hari H pemilu, namun KTP saya jakarta, apakah saya memiliki hak untuk memilih Partai lokal Aceh?",,Tidak ada aturan yang mengatur hal tersebut,,student
012,Apakah saya resmi terdaftar? Bagaimana jika saya memiliki pertanyaan tentang status pendaftaran saya?,,"UU Nomor 8 tahun 2012 pasal 1 ayat 23 s.d. ayat 25, pasal 19","Pasal 1, ayat (23) Penduduk adalah Warga Negara Indonesia yang berdomisili di wilayah Republik Indonesia atau di luar negeri. ayat (24) Warga Negara Indonesia adalah orang-orang bangsa Indonesia asli dan orang-orang bangsa lain yang disahkan dengan undang-undang sebagai warga negara. ayat (25) Pemilih adalah Warga Negara Indonesia yang telah genap berumur 17 (tujuh belas) tahun atau lebih atau sudah/pernah kawin.
Pasal 19 ayat (1) Warga Negara Indonesia yang pada hari pemungutan suara telah genap berumur 17 (tujuh belas) tahun atau lebih atau sudah/pernah kawin mempunyai hak memilih. ayat (2) Warga Negara Indonesia sebagaimana dimaksud pada ayat (1) didaftar 1 (satu) kali oleh penyelenggara Pemilu dalam daftar Pemilih.",first time voter
013,Apakah saya perlu identitas untuk memilih?,,UU Nomor 8 tahun 2012 pasal 150,"Pasal 150
ayat (1) Pemilih yang tidak terdaftar pada daftar pemilih tetap atau daftar pemilih tambahan sebagaimana dimaksud dalam Pasal 149 ayat (1) huruf c dapat menggunakan kartu tanda penduduk atau paspor.
ayat (2) Untuk Pemilih yang menggunakan kartu tanda penduduk atau paspor sebagaimana dimaksud pada ayat (1) diberlakukan ketentuan:
a. memilih di TPS yang ada di RT/RW atau nama lain sesuai dengan alamat yang tertera di dalam KTP atau paspornya;
b. terlebih dahulu mendaftarkan diri pada KPPS setempat; dan
c. dilakukan 1 (satu) jam sebelum selesainya pemungutan suara di TPS setempat.",first time voter
014,Dimanakah saya harus memilih?,,"UU No. 8 Tahun 2012 Pasal 1 Ayat 15, 16","15. Tempat Pemungutan Suara, selanjutnya disingkat TPS, adalah tempat dilaksanakannya pemungutan suara. 16. Tempat Pemungutan Suara Luar Negeri, selanjutnya disingkat TPSLN, adalah tempat dilaksanakannya pemungutan suara di luar negeri.",first time voter
015,Dapatkah seseorang membantu saya dalam bilik suara?,,"UU No. 8 Tahun 2012 Pasal 157 Ayat 1,2,3","(1) Pemilih tunanetra, tunadaksa, dan yang mempunyai halangan fisik lain pada saat memberikan suaranya di 
TPS dapat dibantu oleh orang lain atas permintaan Pemilih. (2) Orang lain yang membantu Pemilih dalam memberikan suara sebagaimana dimaksud pada ayat (1) wajib merahasiakan pilihan Pemilih. (3) Ketentuan lebih lanjut mengenai pemberian bantuan kepada Pemilih diatur dengan peraturan KPU.",first time voter
016,Bagaimana jika saya tidak dapat memilih secara pribadi?,,,,first time voter
017,Bagaimana jika saya punya masalah pada hari pemilihan?,,,,first time voter
018,Di mana saya dapat menemukan informasi lebih lanjut?,"Informasi lebih lanjut dan detail mengenai pemiliu dapat dilihat di situs KPU pusat, KPU provinsi, maupun KPU Kabupaten/Kota.",website KPU,website KPU,first time voter
019,Apa yang terjadi di TPS?,"TPS atau Tempat Pemungutan Suara adalah tempat dilakukannya proses pemungutan suara. Selain proses pemungutan suara, di TPS juga dilakukan proses penghitungan suara. Lokasi TPS ditentukan oleh KPU.",UU Nomor 8 tahun 2012 dan panduan KPPS dari KPU.,"Tempat Pemungutan Suara, selanjutnya disingkat TPS, adalah tempat dilaksanakannya pemungutan suara.",first time voter
020,Bagaimana cara mengisi kertas suara?,Kertas suara diisi dengan cara dicoblos menggunakan paku di atas alas coblos yang telah disediakan. Setelah itu kertas suara dilipat kembali seperti semula dan diperlihatkan kepada ketua KPPS. Setelah itu kertas suara dimasukkan ke dalam kotak suara,PKPU Nomor 26 tahun 2013 pasal 39 huruf a-f,"Pemilih yang telah menerima Surat Suara sebagaimana
dimaksud dalam Pasal 36 ayat (1) huruf d, melakukan
kegiatan:
a. menuju bilik suara;
b. membuka surat surat lebar-lebar dan meletakkan di
atas meja yang disediakan sebelum dicoblos;
c. mencoblos Surat Suara dengan paku di atas alas coblos
yang telah disediakan sebagaimana dimaksud dalam
Pasal 35 ayat (2) huruf c;
d. melipat kembali Surat Suara seperti semula, sehingga
tanda tangan Ketua KPPS tetap terlihat dan tanda
coblos tidak dapat dilihat;
e. setelah memberikan suara di bilik suara, Pemilih
menuju tempat kotak suara dan memperlihatkan
kepada Ketua KPPS bahwa Surat Suara dalam keadaan
terlipat dan terlihat tanda tangan Ketua KPPS;
f. memasukkan Surat Suara ke dalam masing-masing
kotak suara dengan dipandu oleh Anggota KPPS
Keenam, secara berurutan ke dalam kotak suara Pemilu
Anggota:
1. DPR;
2. DPD;
3. DPRD Provinsi; dan
4. DPRD Kabupaten/Kota.",first time voter
021,Bagaimana jika saya sedang mempunyai kegiatan pada saat hari pemilu?,,,,first time voter
022,Apa jenis ID yang harus saya bawa?,,,,first time voter
023,Apa saja yang tertera di dalam kertas suara?,"Surat suara DPR, DPRD Provinsi/DPRA/DPRP/DPRPB
dan DPRD Kabupaten/Kota/DPRK memuat nomor urut partai Politik, tanda gambar partai politik, nama parpol, nomor urut dan nama calon anggota DPR, DPRD Provinsi/DPRA/DPRP/DPRPB
dan DPRD Kabupaten/Kota/DPRK dan dibuat untuk setiap daerah. Surat suara DPD memuat nomor urut calon, pas foto calon dan nama calon anggota DPD yang dibuat untuk setiap daerah pemilihan/provinsi",PKPU Nomor 26 tahun 2013 pasal 1,"Surat Suara DPR, DPRD Provinsi/DPRA/DPRP/DPRPB
dan DPRD Kabupaten/Kota/DPRK adalah salah satu
jenis perlengkapan Pemungutan Suara yang berbentuk lembaran kertas dengan desain khusus yang digunakan
oleh Pemilih untuk memberikan suara pada Pemilu
Anggota DPR, DPRD Provinsi/DPRA/DPRP/DPRPB dan
DPRD Kabupaten/Kota/DPRK yang memuat nomor urut
Partai Politik, tanda gambar Partai Politik, nama Partai
Politik, nomor urut dan nama calon Anggota DPR, DPRD
Provinsi/DPRA/DPRP/DPRPB dan DPRD Kabupaten/
Kota/DPRK, yang dibuat untuk setiap daerah.
21. Surat Suara DPD adalah salah satu jenis perlengkapan
Pemungutan Suara yang berbentuk lembaran kertas
dengan desain khusus yang digunakan oleh Pemilih
untuk memberikan suara pada Pemilu Anggota DPD
yang memuat nomor urut calon, pas foto calon dan
nama calon anggota DPD yang dibuat untuk setiap
daerah pemilihan/provinsi.",first time voter
024,bagaimana jika nama saya tidak terdaftar dalam daftar pemilih?,,UU Nomor 8 tahun 2012 pasal 150,"Pasal 150
ayat (1) Pemilih yang tidak terdaftar pada daftar pemilih tetap atau daftar pemilih tambahan sebagaimana dimaksud dalam Pasal 149 ayat (1) huruf c dapat menggunakan kartu tanda penduduk atau paspor.
ayat (2) Untuk Pemilih yang menggunakan kartu tanda penduduk atau paspor sebagaimana dimaksud pada ayat (1) diberlakukan ketentuan:
a. memilih di TPS yang ada di RT/RW atau nama lain sesuai dengan alamat yang tertera di dalam KTP atau paspornya;
b. terlebih dahulu mendaftarkan diri pada KPPS setempat; dan
c. dilakukan 1 (satu) jam sebelum selesainya pemungutan suara di TPS setempat.",first time voter
025,"KTP saya hilang ketika hari H pemilu, apakah saya masih bisa memilih?",,UU Nomor 8 tahun 2012 pasal 150,"Pasal 150
ayat (1) Pemilih yang tidak terdaftar pada daftar pemilih tetap atau daftar pemilih tambahan sebagaimana dimaksud dalam Pasal 149 ayat (1) huruf c dapat menggunakan kartu tanda penduduk atau paspor.
ayat (2) Untuk Pemilih yang menggunakan kartu tanda penduduk atau paspor sebagaimana dimaksud pada ayat (1) diberlakukan ketentuan:
a. memilih di TPS yang ada di RT/RW atau nama lain sesuai dengan alamat yang tertera di dalam KTP atau paspornya;
b. terlebih dahulu mendaftarkan diri pada KPPS setempat; dan
c. dilakukan 1 (satu) jam sebelum selesainya pemungutan suara di TPS setempat.",first time voter
026,Saya sudah berusia 17 tahun tapi belum mempunyai KTP. Bolehkah saya memilih?,,UU Nomor 8 tahun 2012 pasal 19 dan pasal 20,"Pasal 19
ayat (1) Warga Negara Indonesia yang pada hari pemungutan suara telah genap berumur 17 (tujuh belas) tahun atau lebih atau sudah/pernah kawin mempunyai hak memilih.
ayat (2) Warga Negara Indonesia sebagaimana dimaksud pada ayat (1) didaftar 1 (satu) kali oleh penyelenggara Pemilu dalam daftar Pemilih.
Pasal 20
Untuk dapat menggunakan hak memilih, Warga Negara Indonesia harus terdaftar sebagai Pemilih kecuali yang ditentukan lain dalam Undang-Undang ini.",first time voter
027,Bisakah saya memilih melalui pos?,Pemungutan Suara melalui Pos hanya berlaku di PPLN dengan ketentuan berada jauh dari lokasi TPSLN manapun diwilayah tersebut. Namun aturan ini tidak berlaku di Indonesia dengan ketentuan apapun.,"UU Nomor 8 tahun 2012 pasal 158 Ayat 1,2,3","Pasal 158 (1) Pemungutan suara bagi Warga Negara Indonesia yang berada di luar negeri hanya untuk calon anggota DPR. (2)Pemungutan suara sebagaimana dimaksud pada ayat (1) dilaksanakan di setiap Perwakilan Republik Indonesia dan dilakukan pada waktu yang sama atau waktu yang 
disesuaikan dengan waktu pemungutan suara di Indonesia. (3) Dalam hal Pemilih tidak dapat memberikan suara di TPSLN yang telah ditentukan, Pemilih dapat memberikan suara melalui pos yang disampaikan kepada PPLN di Perwakilan Republik Indonesia setempat.",elderly people
028,"Pada usia berapa seseorang bisa dikatakan ""Lansia""?",Seseorang bisa dikatakan lansia jika usianya sudah 60 tahun ke atas.,UU Nomor 13 tahun 1998 Pasal 1,Lanjut Usia adalah seseorang yang telah mencapai usia 60 tahun keatas,elderly people
029,Bolehkan saya membantu rekan saya untuk memilih?,"Boleh, asalkan hal tersebut didasarkan pada keinginan pemilih sendiri. Selain itu Anda juga wajib menjaga kerahasiaan pilihan pemilih",UU Nomor 8 tahun 2012 pasal 157,"(1) Pemilih tunanetra, tunadaksa, dan yang mempunyai halangan fisik lain pada saat memberikan suaranya di TPS dapat dibantu oleh orang lain atas permintaan Pemilih.
(2) Orang lain yang membantu Pemilih dalam memberikan suara sebagaimana dimaksud pada ayat (1) wajib merahasiakan pilihan Pemilih.
(3) Ketentuan lebih lanjut mengenai pemberian bantuan kepada Pemilih diatur dengan peraturan KPU.",elderly people
030,Apakah ada petugas yang khusus untuk membantu saya dalam memilih?,"Pada saat pelaksanaan pemilu, akan ada petugas yang bisa membantu pemilih yg mengalami halangan fisik, yaitu anggota kelompok penyelenggara pemungutan suara (KPPS). Bagi pemilih yg tidak bisa berjalan, dua anggota KPPS akan membantu pemilih menuju bilik pemungutan suara dan pemberian tanda akan dilakukan oleh pemilih sendiri.",Panduan KPPS dari KPU,,elderly people
031,"Saya tidak bisa membaca, apakah ada petugas yang dapat membantu saya memilih?",Akan ada petugas dari Kelompok Penyelenggara Pemungutan Suara (KPPS) yang bisa membantu pemilih yang tidak bisa membaca.,Panduan KPPS dari KPU,,elderly people
032,Bisakah saya memberitahu petugas KPPS bahwa ada seseorang yang tidak mampu untuk memilih dan saya mewakilinya di TPS?,,,,elderly people
033,"Saya memiliki surat kuasa dari seseorang untuk menggunakan haknya sebagai pemilih, bolehkah?",,Tidak aturan tentang hal ini,Tidak ada aturan tentang hal ini,elderly people
034,Apa peran petugas KPPS terhadap pemilih lansia?,"Anggota KPPS bertugas untuk membantu pemilih lansia yang mengalami kesulitan dalam proses pemberian suara. Bantuan yang diberikan berupa bantuan untuk mencapai bilik suara, maupun pemberian suara dengan sepengetahuan pemilih yang bersangkutan.",Panduan KPPS dari KPU,,elderly people
035,"Saya adalah seorang tuna netra (keterbatasan penglihatan), bisakah saya didampingi saat memilih?","Ya bisa, jika memiliki kesulitan saat memilih dapat meminta untuk didampingi dengan sebelumnya melaporkan hal tersebut pada petugas KPPS.",UU No. 10 Tahun 2008 Pasal 156 ayat 1 & PKPU No.35 thn 2008 pasal 31 ayat 1,"UU 10/2008 Pasal 156 (1): Pemilih tunanetra, tunadaksa dan yang mempunyai halangan fisik lain saat memberikan suaranya di TPS dapat dibantu oleh orang lain atas permintaan pemilih. PKPU 35/2008 Pasal 31 (1): Atas permintaan pemilih tuna netra, tuna daksa atau yang mempunyai halangan fisik lain sebagaimana dimaksud dalam pasal 30, ketua KPPS menugaskan Anggota KPPS kelima dan keenam atau orang yang ditunjuk oleh pemilih yang bersangkutan untuk memberikan bantuan menurut cara berikut: a. bagi pemilih yang tidak dapat berjalan, Anggota KPPS kelima dan keenam membantu pemilih menuju bilik pemberian suara, dan pemberian tanda dilakukan oleh pemilih sendiri;
b. bagi pemilih yang tidak mempunyai kedua belah tangan dan tuna netra, anggota KPPS kelima membantu melakukan pemberian tanda sesuai kehendak pemilih dengan disaksikan oleh anggota KPPS keenam.",difable
036,"Saya adalah seorang tuna daksa (berkursi roda, pincang), bisakah saya didampingi saat memilih?","Ya bisa, jika memiliki kesulitan saat memilih dapat meminta untuk didampingi dengan sebelumnya melaporkan hal tersebut pada petugas KPPS.",UU No. 10 Tahun 2008 Pasal 156 ayat 1 & PKPU No.35 thn 2008 pasal 31 ayat 1,"UU 10/2008 Pasal 156 (1): Pemilih tunanetra, tunadaksa dan yang mempunyai halangan fisik lain saat memberikan suaranya di TPS dapat dibantu oleh orang lain atas permintaan pemilih. PKPU 35/2008 Pasal 31 (1): Atas permintaan pemilih tuna netra, tuna daksa atau yang mempunyai halangan fisik lain sebagaimana dimaksud dalam pasal 30, ketua KPPS menugaskan Anggota KPPS kelima dan keenam atau orang yang ditunjuk oleh pemilih yang bersangkutan untuk memberikan bantuan menurut cara berikut: a. bagi pemilih yang tidak dapat berjalan, Anggota KPPS kelima dan keenam membantu pemilih menuju bilik pemberian suara, dan pemberian tanda dilakukan oleh pemilih sendiri;
b. bagi pemilih yang tidak mempunyai kedua belah tangan dan tuna netra, anggota KPPS kelima membantu melakukan pemberian tanda sesuai kehendak pemilih dengan disaksikan oleh anggota KPPS keenam.",difable
037,"Saya adalah seorang tuna grahita (keterbelakangan mental, autisme), bisakah saya didampingi saat memilih?","Ya bisa, jika memiliki kesulitan saat memilih dapat meminta untuk didampingi dengan sebelumnya melaporkan hal tersebut pada petugas KPPS.",UU No. 10 Tahun 2008 Pasal 156 ayat 1 & PKPU No.35 thn 2008 pasal 31 ayat 1,"UU 10/2008 Pasal 156 (1): Pemilih tunanetra, tunadaksa dan yang mempunyai halangan fisik lain saat memberikan suaranya di TPS dapat dibantu oleh orang lain atas permintaan pemilih. PKPU 35/2008 Pasal 31 (1): Atas permintaan pemilih tuna netra, tuna daksa atau yang mempunyai halangan fisik lain sebagaimana dimaksud dalam pasal 30, ketua KPPS menugaskan Anggota KPPS kelima dan keenam atau orang yang ditunjuk oleh pemilih yang bersangkutan untuk memberikan bantuan menurut cara berikut: a. bagi pemilih yang tidak dapat berjalan, Anggota KPPS kelima dan keenam membantu pemilih menuju bilik pemberian suara, dan pemberian tanda dilakukan oleh pemilih sendiri;
b. bagi pemilih yang tidak mempunyai kedua belah tangan dan tuna netra, anggota KPPS kelima membantu melakukan pemberian tanda sesuai kehendak pemilih dengan disaksikan oleh anggota KPPS keenam.",difable
038,"Saya adalah seorang tuna rungu (keterbatasan berbicara dan mendengar), bisakah saya didampingi saat memilih?","Ya bisa, jika memiliki kesulitan saat memilih dapat meminta untuk didampingi dengan sebelumnya melaporkan hal tersebut pada petugas KPPS.",UU No. 10 Tahun 2008 Pasal 156 ayat 1 & PKPU No.35 thn 2008 pasal 31 ayat 1,"UU 10/2008 Pasal 156 (1): Pemilih tunanetra, tunadaksa dan yang mempunyai halangan fisik lain saat memberikan suaranya di TPS dapat dibantu oleh orang lain atas permintaan pemilih. PKPU 35/2008 Pasal 31 (1): Atas permintaan pemilih tuna netra, tuna daksa atau yang mempunyai halangan fisik lain sebagaimana dimaksud dalam pasal 30, ketua KPPS menugaskan Anggota KPPS kelima dan keenam atau orang yang ditunjuk oleh pemilih yang bersangkutan untuk memberikan bantuan menurut cara berikut: a. bagi pemilih yang tidak dapat berjalan, Anggota KPPS kelima dan keenam membantu pemilih menuju bilik pemberian suara, dan pemberian tanda dilakukan oleh pemilih sendiri;
b. bagi pemilih yang tidak mempunyai kedua belah tangan dan tuna netra, anggota KPPS kelima membantu melakukan pemberian tanda sesuai kehendak pemilih dengan disaksikan oleh anggota KPPS keenam.",difable
039,Apakah seorang tuna grahita berhak untuk memilih?,Semua warga negara Indonesia yang memenuhi syarat untuk memilih berhak ikut pemilu,UUD 1945 pasal 27 ayat 1,Segala warga negara bersamaan kedudukannya di dalam hukum dan pemerintahan dan wajib menjunjung hukum dan pemerintahan itu dengan tidak ada kecualinya.,difable
040,Apakah seorang tuna netra berhak untuk memilih?,Semua warga negara Indonesia yang memenuhi syarat untuk memilih berhak ikut pemilu,UUD 1945 pasal 27 ayat 1,Segala warga negara bersamaan kedudukannya di dalam hukum dan pemerintahan dan wajib menjunjung hukum dan pemerintahan itu dengan tidak ada kecualinya.,difable
041,Apakah seorang tuna daksa berhak untuk memilih?,Semua warga negara Indonesia yang memenuhi syarat untuk memilih berhak ikut pemilu,UUD 1945 pasal 27 ayat 1,Segala warga negara bersamaan kedudukannya di dalam hukum dan pemerintahan dan wajib menjunjung hukum dan pemerintahan itu dengan tidak ada kecualinya.,difable
042,Apakah seorang tuna rungu berhak untuk memilih?,Semua warga negara Indonesia yang memenuhi syarat untuk memilih berhak ikut pemilu,UUD 1945 pasal 27 ayat 1,Segala warga negara bersamaan kedudukannya di dalam hukum dan pemerintahan dan wajib menjunjung hukum dan pemerintahan itu dengan tidak ada kecualinya.,difable
043,Apakah ada alat yang memudahkan saya sebagai tuna netra dalam memilih?,Ya ada. Tiap TPS akan menyediakan template/kertas suara dengan format braille,UU No. 10 Tahun 2008 Pasal 142 ayat 2 & PKPU No.35 thn 2008 pasal 8 ayat 3,"UU 10/2008 Pasal 142: (2). Selain perlengkapan pemungutan suara sebagaimana dimaksud pada ayat 1, untuk menjaga keamanan, kerahasian, dan kelancaran pelaksanaan pemungutan suara dan penghitungan suara, diperlukan dukungan perlengkapan lainnya. PKPU 35/2008 Pasal 8 (3): Selain perlengkapan pemungutan dan penghitungan suara di TPS sebagaimana dimaksud pada ayat 2, KPU Kabupaten/Kota juga menyerahkan kepada KPPS melalui PPK/PPS dukungan perlengkapan pemungutan suara lainnya, yaitu sampul kertas, tanda pengenal KPPS dan saksi, karet pengikat surat suara, lem/perekat, kantong plastik, D38gembok, spidol, formulir untuk berita acara dan sertifikat, stiker nomor kotak suara, tali pengikat alat pemberi tanda pilihan, dan alat bantu tuna netra.",difable
044,"Saya menggunakan kursi roda, apakah TPS dapat dilewati orang berkursi roda?",Tiap TPS akan disesuaikan dengan ketentuan peraturan KPU seperti terjamin aksesnya dan aman bagi pemilih,PKPU No.35 thn 2008 pasal 19 bagian m & pasal 21 ayat 1,"PKPU 35/2008 pasal 19 m: meja/papan untuk menempatkan bilik suara dan untuk pemberian tanda pada surat suara, dan meja berongga (ruang kosong dibawahnya) khusus untuk penyandang cacat yang menggunakan kursi roda. Pasal 21 (1): Pintu masuk dan keluar TPS sebagaimana dimaksud pada ayat 1 Berukuran sekurang - kurangnya 90cm agar dapat menjamin akses gerak bagi penyandang cacat yang menggunakan kursi roda.",difable
045,"Saya menggunakan tongkat/kruk, apakah TPS dapat dilewati orang bertongkat/kruk?",Tiap TPS akan disesuaikan dengan ketentuan peraturan KPU seperti terjamin aksesnya dan aman bagi pemilih,PKPU No.35 thn 2008 pasal 22 ayat 1,"Pasal 22: (1) lokasi TPS harus mudah dijangkau, di tempat yang rata tidak berbatu - batu, tidak berbukit - bukit, tidak berumput tebal, tidak melompati parit dan tidak bertangga - tangga",difable
046,Bagaimana kerahasiaan pilihan saya jika saya ditemani pendamping saat memilih?,"Peraturan telah menjamin kerahasiaan pilihan setiap orang, bagi yang melanggar hal tersebut akan dikenakan sanksi sesuai ketentuan yang berlaku",UU No. 10 Tahun 2008 pasal 156 ayat 2 & pasal 164 ayat 2 & PKPU No.35 thn 2008 pasal 31 ayat 3,"UU 10/2008 pasal 156 (2): Orang lain yang membantu pemilih dalam memberikan suaranya sebagaimana di maksud pada ayat (1 ) wajib merahasikan pilihan pemilih. Pasal 164 (2): Orang lain yang membantu pemilih dalam memberikan suaranya sebagaimana di maksud pada ayat (1 ) wajib merahasikan pilihan pemilih. PKPU 35/2008 pasal 31 (3): Anggota KPPS dan orang lain yang membantu pemilih tunanetra, tunadaksa, atau yang mempunyai halangan fisik lain sebagaimana dimaksud pada ayat (1) dan ayat (2), wajib merahasiakan pilihan pemilih yang bersangkutan, dan wajib menandatangani surat pernyataan dengan menggunakan formulir Model C5.",difable
047,Bisakah saya mendaftar menjadi pemantau pemilu perseorangan?,"Bisa, asalkan memenuhi persyaratan dan melakukan pendaftaran di KPU, KPU Provinsi, KPU Kab/Kota sesuai dengan cakupan pemantauan yg diinginkan.",PKPU Nomor 10 tahun 2012 pasal 2 ayat (2),"""Pemantau Pemilu dapat berasal dari perseorangan dalam negeri yang tidak berkedudukan sebagai pengurus dan/atau anggota partai politik, serta perseorangan dari luar negeri.""",pemantau pemilu
048,Saya adalah WNI yang ingin menjadi pemantau pemilu. Apa saja syarat yang harus saya penuhi?,"Untuk pemantau pemilu dalam negeri cukup memenuhi persyaratan umum saja, yaitu independen, mempunyai sumber dana yg jelas, serta mendaftar dan memperoleh akreditasi dari KPU.",PKPU Nomor 10 tahun 2012 pasal 3,"""Pemantau Pemilu sebagaimana dimaksud dalam Pasal 2, wajib memenuhi syarat :
a. bersifat independen;
b. mempunyai sumber dana yang jelas, dan
c. terdaftar dan memperoleh akreditasi dari KPU, KPU Provinsi dan KPU Kabupaten/Kota sesuai dengan cakupan wilayah pemantauannya.""",pemantau pemilu
049,Apakah Pemantau pemilu dapat berasal dari partai?,Pemantau pemilu tidak boleh berasal dari partai politik,PKPU Nomor 10 tahun 2012 pasal 2 ayat (2),"""Pemantau Pemilu dapat berasal dari perseorangan dalam negeri yang tidak berkedudukan sebagai pengurus dan/atau anggota partai politik, serta perseorangan dari luar negeri.""",pemantau pemilu
050,Adakah honor untuk menjadi pemantau pemilu?,,Tidak ada aturan tentang hal ini,Tidak ada aturan tentang hal ini,pemantau pemilu
051,Apakah untuk menjadi pemantau pemilu tahun 2014 harus mempunyai pengalaman menjadi pemantau pada pemilu sebelumnya?,"Untuk pemantau pemilu yg berasal dari dalam negeri, tidak perlu memiliki pengalaman menjadi pemantau pada pemilu sebelumnya. Namun pemantau pemilu yg berasal dari luar negeri wajib memiliki kompetensi dan pengalaman melakukan pemantauan dan harus dibuktikan dengan surat pernyataan.",PKPU Nomor 10 tahun 2012 pasal 4,"Pemantau Pemilu perseorangan yang berasal dari luar negeri selain memenuhi persyaratan sebagaimana dimaksud dalam Pasal 3, wajib memenuhi persyaratan khusus :
a. mempunyai kompetensi dan pengalaman dalam bidang pemantauan pemilu di negara lain yang dibuktikan dengan surat pernyataan pemantau yang bersangkutan, atau dari pemerintah negara lain tempat yang bersangkutan pernah melakukan pemantauan;
b. memperoleh visa untuk menjadi Pemantau Pemilu dari Perwakilan Republik Indonesia di Luar Negeri;
c. memenuhi tata cara melakukan pemantauan yang diatur dalam ketentuan peraturan perundang-undangan.",pemantau pemilu
052,"Saya ingin mendaftar menjadi pemantau pemilu, dimana saya bisa mendaftar?","Pemantau pemilu dari dalam negeri melakukan pendaftaran dengan mengisi formulir yang disediakan di KPU, KPU Provinsi dan KPU Kabupaten/Kota. Sedangkan pemantau pemilu dari luar negeri mendaftar di kantor KPU atau kedutaan besar/konsulat RI di negara asalnya.",PKPU Nomor 10 tahun 2012 pasal 6 ayat (1) dan (2),"(1) Pemantau Pemilu dari dalam negeri mengajukan permohonan untuk melakukan pemantauan Pemilu dengan mengisi formulir pendaftaran yang disediakan KPU, KPU Provinsi dan KPU Kabupaten/Kota.
(2) Pemantau Pemilu yang berasal dari luar negeri mengisi formulir yang dapat diperoleh dari kantor KPU atau Kedutaan Besar/Konsulat Republik Indonesia di negara asal pemantau.",pemantau pemilu
053,Apa sih akreditasi pemantau pemilu itu?,Akreditasi itu bentuk pengesahan dan pengakuan dari KPU bahwa pemantau pemilu yg mendaftar sudah memenuhi persyaratan yg ditetapkan.,PKPU Nomor 10 tahun 2012 pasal 1,"Akreditasi adalah pengesahan yang diberikan oleh KPU, KPU Provinsi, dan KPU Kabupaten/Kota kepada Pemantau Pemilu yang telah memenuhi persyaratan yang ditetapkan oleh KPU, KPU Provinsi, dan KPU Kabupaten/Kota.",pemantau pemilu
054,Bagaimana tata cara akreditasi pemantau pemilu?,"Pertama, pemantau pemilu mengisi formulir pendaftaran yg disediakan di KPU, KPU provinsi dan KPU Kab/Kota. Untuk pemantau dari luar negeri, formulir bisa didapat di kedutaan/konsulat RI di negara asalnya. Kedua, pemantau pemilu mengembalikan formulir pendaftaran disertai dengan kelengkapan administrasi yg dibutuhkan. Selanjutnya, KPU akan meneliti kelengkapan administrasi yg diajukan. Pemantau yg sudah memenuhi persyaratan akan diberikan sertifikat akreditasi.",PKPU Nomor 10 tahun 2012 pasal 6-pasal 9,,pemantau pemilu
055,Apakah untuk menjadi pemantau pemilu harus mendapatkan akreditasi dari KPU?,"Ya, karena akreditasi dari KPU merupakan persyaratan wajib untuk menjadi pemantau pemilu.",PKPU Nomor 10 tahun 2012 pasal 3,"""Pemantau Pemilu sebagaimana dimaksud dalam Pasal 2, wajib memenuhi syarat :
a. bersifat independen;
b. mempunyai sumber dana yang jelas, dan
c. terdaftar dan memperoleh akreditasi dari KPU, KPU Provinsi dan KPU Kabupaten/Kota sesuai dengan cakupan wilayah pemantauannya.""",pemantau pemilu
056,"Saya sudah mendaftar dan mendapat sertifikat akreditasi dari KPU, sampai kapan sertifikat itu berlaku?","Jika pemantau mengajukan pemantauan untuk seluruh tahapan pemilu, maka akreditasi berlaku sejak diterbitkan sampai penetapan calon terpilih anggota DPR dan DPRD. Namun jika pemantau mengajukan pemantauan tidak untuk seluruh tahapan pemilu, akreditasi berlaku sejak tahapan tertentu, sesuai yg diajukan oleh pemantau.",PKPU Nomor 10 tahun 2012 pasal 8 ayat (3) dan (4),"(3) Akreditasi pemantau Pemilu berlaku sejak diterbitkannya sertifikat akreditasi sampai dengan tahap penetapan calon terpilih Anggota DPR dan DPD, apabila pemantauan diajukan untuk seluruh tahapan Pemilu.
(4) Akreditasi pemantau Pemilu berlaku sejak diterbitkannya sertifikat akreditasi dan berlaku secara efektif mulai tahapan tertentu, apabila pemantauan diajukan tidak seluruh tahapan Pemilu.",pemantau pemilu
057,Saya sudah mendaftar dan mendapat sertifikat serta tanda terdaftar. Namun saya ingin mengubah cakupan pemantauan. Bisa ga?,"Bisa, untuk merubah wilayah cakupan pemantauan harus melapor dulu kepada pemberi akreditasi.",PKPU Nomor 10 tahun 2012 pasal 7 ayat (2),"Penambahan nama, jumlah dan alokasi anggota pemantau serta penambahan daerah yang akan dipantau sebagaimana dimaksud pada ayat (1) huruf c dan huruf d, dilaporkan kepada pemberi akreditasi.",pemantau pemilu
058,Bisakah warga negara asing mendaftar menjadi pemantau pemilu di Indonesia?,"Bisa, selama warga asing tersebut memenuhi persyaratan umum dan khusus untuk menjadi pemantau pemilu",PKPU Nomor 10 tahun 2012 pasal 2 ayat (2),"""Pemantau Pemilu dapat berasal dari perseorangan dalam negeri yang tidak berkedudukan sebagai pengurus dan/atau anggota partai politik, serta perseorangan dari luar negeri.""",pemantau pemilu
059,Adakah syarat khusus bagi warga asing yang ingin menjadi pemantau pemilu?,"Pemantau pemilu yang berasal dari luar negeri selain wajib memenuhi persyaratan umum juga wajib memenuhi persyaratan khusus , yaitu: mempunyai kompetensi dan pengalaman di bidang pemantauan pemilu yang dibuktikan dengan surat pernyataan, memperoleh visa untuk menjadi pemantau pemilu, dan memenuhi tata cara pemantauan pemilu yg diatur dalam peraturan perundang-undangan.",PKPU Nomor 10 tahun 2012 pasal 4 ayat (2),"""Pemantau Pemilu perseorangan yang berasalal dari luar negeri selain memenuhi persyaratan sebagaimana dimaksud dalam Pasal 3, wajib memenuhi persyaratan khusus :
a. mempunyai kompetensi dan pengalaman dalam bidang pemantauan pemilu di negara lain yang dibuktikan dengan surat pernyataan pemantau yang bersangkutan, atau dari pemerintah negara lain tempat yang bersangkutan pernah melakukan pemantauan;
b. memperoleh visa untuk menjadi Pemantau Pemilu dari Perwakilan Republik Indonesia di Luar Negeri;
c. memenuhi tata cara melakukan pemantauan yang diatur dalam ketentuan peraturan perundang-undangan.""",pemantau pemilu
060,Saya ingin mendaftarkan organisasi saya untuk menjadi pemantau pemilu. Organisasi saya tersebar di beberapa provinsi di pulau Jawa dan saya ingin melakukan pemantauan di seluruh provinsi tersebut. kemana saya harus mendaftarkan organisasi saya?,Pemantau pemilu dalam negeri yang keberadaannya lintas provinsi mendaftar dan mendapat akreditasi dari KPU Pusat.,PKPU Nomor 10 tahun 2012 pasal 12 ayat (1),"""Pemantau Pemilu dari dalam negeri yang mempunyai struktur organisasi berjenjang dari pusat sampai ke provinsi dan/atau Kabupaten/Kota, yang akan melakukan pemantauan lebih dari 1 (satu) provinsi, mendaftarkan diri dan memperoleh akreditasi dari KPU serta wajib melapor kepada KPU Provinsi dan/atau KPU Kabupaten/Kota yang bersangkutan.""",pemantau pemilu
061,Saya ingin mendaftarkan organisasi saya untuk menjadi pemantau pemilu. Organisasi saya terletak di Derah Istimewa Yogyakarta dan memiliki kantor di seluruh kab/kota. Tapi organisasi saya hanya ingin melakukan pemantauan di beberapa kabupaten saja. Kemana saya harus mendaftarkan organisasi saya?,Pemantau pemilu dalam negeri yang keberadaannya lintas kabupaten/kota mendaftar dan mendapat akreditasi dari KPU provinsi. Anda bisa mendaftar dan mendapat akreditasi di KPU Provinsi DIY dan melapor ke KPU kabupaten/kota tempat Anda ingin melakukan pemantauan.,PKPU Nomor 10 tahun 2012 pasal 12 ayat (2),"(2) Pemantau Pemilu dari dalam negeri yang keberadaan organisasinya hanya ada di 1 (satu) provinsi, atau melakukan pemantauan lebih dari 1 (satu) Kabupaten/Kota dalam 1 (satu) provinsi, mendaftarkan diri dan diakreditasi oleh KPU Provinsi, serta wajib melapor kepada KPU Kabupaten/Kota yang bersangkutan.",pemantau pemilu
062,Saya sudah terdaftar sebagai pemantau pemilu dan mendapatkan tanda pengenal. Untuk apa tanda pengenal itu?,Tanda pengenal digunakan sebagai bukti pemantau pemilu dan harus digunakan selama proses pemantauan,PKPU Nomor 10 tahun 2012 pasal 14 ayat (1),"(1) Anggota Pemantau Pemilu dalam selama melaksanakan tugas pemantauan, menggunakan tanda pengenal pemantauan Pemilu.",pemantau pemilu
063,Apakah tanda pengenal untuk pemantau dari dalam negeri dan pemantau dari luar negeri sama bentuknya?,"Bentuknya sama, tapi warnanya berbeda. Untuk pemantau dalam negeri, warna dasarnya biru tua. Untuk pemantai asing biasa warnanya biru muda, dan pemantau asing diplomat warnanya merah muda.",PKPU Nomor 10 tahun 2012 pasal 16 ayat (4),"(4) Tanda Pengenal Pemantau Pemilu berukuran 10 cm x 5 cm, berwarna dasar biru tua untuk Pemantau Dalam Negeri, biru muda untuk Pemantau Asing Biasa, dan merah muda untuk Pemantau Asing Diplomat.",pemantau pemilu
064,"Saya sudah mendaftar, mendapat akreditasi, melapor ke KPU, dan mendapat tanda pengenal. Apa masih ada yg harus saya lakukan?","Setelah mendaftar, mendapat akreditasi, melapor dan mendapat tanda pengenal, pemantau pemilu wajib melapor di kantor Kepolisian Negara Republik Indonesia di daerah",PKPU Nomor 10 tahun 2012 pasal 19,,pemantau pemilu
065,"Saya sudah terdaftar sebagai pemantau, bolehkah saya melakukan dokumentasi selama pelaksanaan pemilu?","Boleh, karena melakukan dokumentasi adalah salah satu hak dari pemantau pemilu.",PKPU Nomor 10 tahun 2012 pasal 18,,pemantau pemilu
066,"Jika pada saat pelaksanaan pemilu saya menemukan pelanggaran, bolehkah saya melapor kepada Bawaslu?","Boleh, karena melaporkan temuan dan pelanggaran merupakan hak dari pemantau pemilu.",PKPU Nomor 10 tahun 2012 pasal 18,,pemantau pemilu
067,"Setelah proses pemilu selesai, masih adakah kewajiban saya sebagai pemantau?","Setelah proses pemilu, pemantau pemilu wajib membuat laporan dengan format Pendahuluan, Latar Belakang, Tujuan, Pelaksanaan Kegiatan, Temuan Hasil Pemantauan, dan Rekomendasi. Laporan itu kemudian diserahkan pada KPU, KPU Provinsi, dan KPU Kabupaten/Kota.",PKPU Nomor 10 tahun 2012 pasal 19,"""j. melaporkan hasil akhir pemantauan Pemilu kepada KPU, KPU Provinsi dan KPU Kabupaten/Kota dengan format laporan yang berisikan Pendahuluan, Latar Belakang, Tujuan, Pelaksanaan Kegiatan, Temuan Hasil Pemantauan, dan Rekomendasi.""",pemantau pemilu
068,Apa itu Pemilu?,,UU No. 8 Tahun 2012 Pasal 1 Ayat (1),"(1) Pemilihan Umum, selanjutnya disebut Pemilu, adalah 
sarana pelaksanaan kedaulatan rakyat yang dilaksanakan 
secara langsung, umum, bebas, rahasia, jujur, dan adil 
dalam Negara Kesatuan Republik Indonesia berdasarkan 
Pancasila dan Undang-Undang Dasar Negara Republik 
Indonesia Tahun 1945.",general question
069,Kapan diselenggarakan Pemilu 2014?,,PKPU No. 21 tahun 2011 (Lampiran),"Pemilu Legislatif : 9 April 2014, Pemilu Presiden : 9 Juli 2014",general question
070,Bedanya pemilu legislatif sama pemilu presiden apa?,"Pemilu legislatif adalah pemilu untuk memilih anggota DPR, DPD, DPRD Provinsi dan DPRD Kabupaten/Kota. Sedangkan pemilu presiden adalah pemilu untuk memilih presiden dan wakil presiden.",UU Nomor 8 tahun 2012 pasal 1 dan UU Nomor 15 tahun 2011,"UU Nomor 8 tahun 2012: Pemilu Legislatif adalah Pemilu untuk memilih anggota Dewan Perwakilan Rakyat, Dewan Perwakilan Daerah, Dewan Perwakilan Rakyat Daerah provinsi dan Dewan Perwakilan Rakyat Daerah kabupaten/kota dalam Negara Kesatuan Republik Indonesia berdasarkan Pancasila dan Undang-Undang Dasar Negara Republik Indonesia Tahun 1945. UU Nomor 15 tahun 2011 :Pemilu Presiden dan Wakil Presiden adalah Pemilu untuk memilih Presiden dan Wakil Presiden dalam Negara Kesatuan Republik Indonesia berdasarkan Pancasila dan Undang-Undang Dasar Negara Republik Indonesia Tahun 1945.",general question
071,Siapa itu Pemilih?,,UU No. 8 Tahun 2012 Pasal 1 Ayat (25),25. Pemilih adalah Warga Negara Indonesia yang telah genap berumur 17 (tujuh belas) tahun atau lebih atau sudah/pernah kawin.,general question
072,Apa persyaratan untuk dapat menjadi seorang Pemilih dalam Pemilu?,,UU No. 8 Tahun 2012 Pasal 19 Ayat (1 dan 2),(1) Warga Negara Indonesia yang pada hari pemungutan suara telah genap berumur 17 (tujuh belas) tahun atau lebih atau sudah/pernah kawin mempunyai hak memilih. (2) Warga Negara Indonesia sebagaimana dimaksud pada ayat (1) didaftar 1 (satu) kali oleh penyelenggara Pemilu dalam daftar Pemilih.,general question
073,Dimana pemilu akan dilaksanain?,,UU No. 8 Tahun 2012 Pasal 1 Ayat (15 dan 16),"15. Tempat Pemungutan Suara, selanjutnya disingkat TPS, adalah tempat dilaksanakannya pemungutan suara. 16. Tempat Pemungutan Suara Luar Negeri, selanjutnya disingkat TPSLN, adalah tempat dilaksanakannya pemungutan suara di luar negeri.",general question
074,Bagaimana cara mengetahui para kandidat dalam pemilu?,,Tidak ada hukum atau peraturan yang membahas tentang ini,Tidak ada hukum atau peraturan yang membahas tentang ini,general question
075,Identitas atau berkas apa saja yang harus dibawa pada ke TPS?,,"UU No. 8 Tahun 2012 Pasal 150 Ayat (1) dan Ayat (2) Huruf (a), (b), (c).",Pasal 150 (1) Pemilih yang tidak terdaftar pada daftar pemilih tetap atau daftar pemilih tambahan sebagaimana dimaksud dalam Pasal 149 ayat (1) huruf c dapat menggunakan kartu tanda penduduk atau paspor. (2) Untuk Pemilih yang menggunakan kartu tanda penduduk atau paspor sebagaimana dimaksud pada ayat (1) diberlakukan ketentuan: a. memilih di TPS yang ada di RT/RW atau nama lain sesuai dengan alamat yang tertera di dalam KTP atau paspornya; b. terlebih dahulu mendaftarkan diri pada KPPS setempat; dan c. dilakukan 1 (satu) jam sebelum selesainya pemungutan suara di TPS setempat.,general question
076,"Saya belum terdaftar sebagai DPT, apakah masih bisa mencoblos?",,"UU No. 8 Tahun 2012 Pasal 40 Ayat 5, 6","(5) Dalam hal terdapat warga negara yang memenuhi syarat sebagai Pemilih dan tidak memiliki identitas kependudukan dan/atau tidak terdaftar dalam daftar pemilih sementara, daftar pemilih sementara hasil perbaikan, daftar pemilih tetap, atau daftar pemilih tambahan, KPU Provinsi melakukan pendaftaran dan memasukkannya ke dalam daftar pemilih khusus. (6) Ketentuan lebih lanjut mengenai pendaftaran warga negara dalam daftar pemilih khusus sebagaimana dimaksud pada ayat (5) diatur dalam peraturan KPU.",general question
077,"Apa itu DPT, DPS, dan DPK?",,"PKPU No. 26 Tahun 2013 Pasal 1 Ayat 22, 24, 25","22. Daftar Pemilih Tetap, selanjutnya disingkat DPT, adalah susunan nama penduduk Warga Negara Indonesia yang telah memenuhi syarat sebagai Pemilih berdasarkan undang-undang dan berhak menggunakan haknya untuk memberikan suara di TPS dalam Pemilu Anggota DPR, DPD, DPRD Provinsi/DPRA/DPRP/DPRPB dan DPRD Kabupaten/Kota/DPRK. 24. Daftar Pemilih Khusus selanjutnya disingkat DPK, adalah susunan nama penduduk Warga Negara Indonesia yang telah memenuhi syarat sebagai Pemilih berdasarkan Undang-Undang tetapi tidak memiliki identitas kependudukan dan/atau memiliki identitas kependudukan tetapi tidak terdaftar dalam Daftar Pemilih Sementara (DPS), Daftar Pemilih Sementara Hasil Perbaikan (DPSHP), Daftar Pemilih Tetap (DPT), atau Daftar Pemilih Tambahan (DPTb). 25. Daftar Pemilih Khusus Tambahan selanjutnya disingkat DPKTb, adalah susunan nama penduduk Warga Negara Indonesia yang telah memenuhi syarat sebagai Pemilih berdasarkan undang undang dan memiliki kartu tanda penduduk atau Identitas Lain atau Paspor tetapi tidak terdaftar dalam DPT, DPTb atau DPK, dan memberikan suara di TPS pada Hari dan tanggal pemungutan suara menggunakan Kartu Tanda Penduduk dan Kartu Keluarga atau Paspor atau Identitas lain.",general question
078,Kapan waktu pemungutan suara dilaksanakan?,Pemungutan suara dilaksanakan di TPS dari pukul 07.00 sampai dengan pukul 13.00 waktu setempat,PKPU Nomor 26 tahun 2013 pasal 3 ayat (2),"(2) Pemungutan suara di TPS sebagaimana dimaksud pada
ayat (1) dilaksanakan mulai pukul 07.00 sampai dengan
pukul 13.00 waktu setempat.",general question
079,Siapa penyelenggara Pemilu?,,"UU. No. 8 Tahun 2012 Pasal 6,7,8","6. Komisi Pemilihan Umum, selanjutnya disingkat KPU, adalah lembaga penyelenggara Pemilu yang bersifat nasional, tetap, dan mandiri yang bertugas melaksanakan Pemilu. 7. Komisi Pemilihan Umum Provinsi, selanjutnya disingkat KPU Provinsi, adalah penyelenggara Pemilu yang bertugas melaksanakan Pemilu di provinsi. 8. Komisi Pemilihan Umum Kabupaten/Kota, selanjutnya disingkat KPU Kabupaten/Kota, adalah penyelenggara Pemilu yang bertugas melaksanakan Pemilu di kabupaten/kota.",general question
080,Apa saja partai yang menjadi peserta pemilu?,,PKPU No 17 Tahun 2013 (Lampiran),"a. Untuk Partai Politik Peserta Pemilu yang ditetapkan tanggal 8 Januari 2013 yaitu : 1) Partai NASDEM 2) Partai Kebangkitan Bangsa (PKB) 3) Partai Keadilan Sejahtera (PKS) 4) Partai Demokrasi Indonesia Perjuangan (PDIP) 5) Partai Golongan Karya (GOLKAR) 6) Partai Gerakan Indonesia Raya (GERINDRA) 7) Partai Demokrat 8) Partai Amanat Nasional (PAN) 9) Partai Persatuan Pembangunan (PPP) 10) Partai Hati Nurani Rakyat (HANURA). Periode pelaporannya tanggal 11 Januari 2013 s.d 17 April 2013 b. Partai Politik yang ditetapkan pada tanggal 18 Maret 2013 Partai Bulan Bintang (PBB), Periode pelaporannya tanggal 21 Maret 2013 s.d 17 April 2013. 
c. Partai Politik yang ditetapkan pada tanggal 21 Maret 2013 Partai Keadilan dan Persatuan Indonesia (PKPI) Periode pelaporannya tanggal 24 Maret 2013 s.d 17 April 2013",general question
081,Apa itu DPR,,UU No. 8 Tahun 2012 Pasal 1 Ayat 3,"3. Dewan Perwakilan Rakyat, selanjutnya disingkat DPR, adalah Dewan Perwakilan Rakyat sebagaimana dimaksud dalam Undang-Undang Dasar Negara Republik Indonesia Tahun 1945.",general question
082,Apa itu DPD,,UU No. 8 Tahun 2012 Pasal 1 Ayat 4,"4. Dewan Perwakilan Daerah, selanjutnya disingkat DPD, adalah Dewan Perwakilan Daerah sebagaimana dimaksud dalam Undang-Undang Dasar Negara Republik Indonesia Tahun 1945.",general question
083,Apa itu DPRD,,UU No. 8 Tahun 2012 Pasal 1 Ayat 5,"5. Dewan Perwakilan Rakyat Daerah, selanjutnya disingkat DPRD, adalah Dewan Perwakilan Rakyat Daerah provinsi dan Dewan Perwakilan Rakyat Daerah kabupaten/kota sebagaimana dimaksud dalam Undang-Undang Dasar Negara Republik Indonesia Tahun 1945.",general question
084,Bagaimana saya tahu kalau saya terdaftar sebagai Pemilih?,Anda dapat mengetahuinya melalui website KPU yang menjadi sistem informasi data pemilih di link ini http://data.kpu.go.id/,"UU no. 8 Tahun 2012 Pasal 48 Ayat 1,2,3","Pasal 48 (1) KPU dan KPU Kabupaten/Kota dalam menyediakan data pemilih, daftar pemilih sementara, dan daftar pemilih tetap memiliki sistem informasi data Pemilih yang dapat terintegrasi dengan sistem informasi administrasi kependudukan. (2) KPU dan KPU Kabupaten/Kota wajib memelihara dan memutakhirkan data Pemilih sebagaimana dimaksud pada ayat (1). (3) Ketentuan lebih lanjut mengenai sistem informasi data Pemilih diatur dengan peraturan KPU.",general question
085,Bisakah warga negara Indonesia yang mengaku sebagai Gay/Lesbian/Transgender/Bisexual memiliki hak untuk memilih?,"Di Indonesia, tidak ada regulasi yang menyatakan tentang seseorang itu Gay, Lesbi, Biseksual ataupun Transgender dalam Pemilu. Namun Negara Kesatuan Republik Indonesia menjunjung tinggi Hak Asasi Manusia terutama dalam memilih, oleh karena itu pemerintah melalui KPU memberlakukan persyaratan pemilih ialah Warga Negara Indonesia baik laki-laki maupun perempuan sesuai dengan KTP/KK/Paspor yang tertera.","UU No. 8 Tahun 2012 Pasal 149 Ayat 1 Huruf (a), (b), (c), Ayat 2, 3, dan Pasal 150 Ayat 1, 2 Huruf (a), (b), (c) Ayat 3 Huruf (a), (b), (c)","Pasal 149 (1) Pemilih yang berhak mengikuti pemungutan suara di TPS meliputi: a. Pemilih yang terdaftar pada daftar pemilih tetap di TPS yang bersangkutan; b. Pemilih yang terdaftar pada daftar pemilih tambahan; dan c. Pemilih yang tidak terdaftar pada daftar pemilih tetap dan daftar pemilih tambahan. (2) Pemilih sebagaimana dimaksud pada ayat (1) huruf b dapat menggunakan haknya untuk memilih di TPS lain/TPSLN dengan menunjukkan surat pemberitahuan dari PPS untuk memberikan suara di TPS lain/TPSLN. (3) Dalam hal pada suatu TPS terdapat Pemilih sebagaimana dimaksud pada ayat (1) huruf b, KPPS pada TPS tersebut mencatat dan melaporkan kepada KPU Kabupaten/Kota melalui PPK. Pasal 150 (1) Pemilih yang tidak terdaftar pada daftar pemilih tetap atau daftar pemilih tambahan sebagaimana dimaksud dalam Pasal 149 ayat (1) huruf c dapat menggunakan kartu tanda penduduk atau paspor. (2) Untuk Pemilih yang menggunakan kartu tanda penduduk atau paspor sebagaimana dimaksud pada ayat (1) diberlakukan ketentuan: a. memilih di TPS yang ada di RT/RW atau nama lain sesuai dengan alamat yang tertera di dalam KTP atau paspornya; b. terlebih dahulu mendaftarkan diri pada KPPS setempat; dan c. dilakukan 1 (satu) jam sebelum selesainya pemungutan suara di TPS setempat. (3) Untuk Pemilih yang menggunakan paspor dengan alamat di luar negeri, diberlakukan ketentuan: a. lebih dahulu mendaftarkan diri pada KPPS setempat; dan b. dilakukan 1 (satu) jam sebelum selesainya pemungutan suara di TPS setempat.",glbt people
086,Bolehkah LGBT mencalonkan diri sebagai calon legislatif?,"Namun, dalam pernyataan seorang anggota KPU, LGBT dibolehkan menjadi caleg pada pemilu 2014 dengan ketentuan dan persetujuan partai. Berikut sumber beritanya : http://www.portalkbr.com/berita/nasional/2611869_4202.html",Tidak ada aturan yang membahas tentang ini,Tidak ada aturan yang membahas tentang ini,glbt people
