id,nama_calon,nama_wakil_calon,qwords
246,Ridwan Mukti,Rohidin Mersyah,info pasangan calon Ridwan Mukti Rohidin Mersyah
624,Sultan B Najamudin,Mujiono,info pasangan calon Sultan B Najamudin Mujiono
494,H. HASAN BASRI AGUS,"EDI PURWANTO, S.Hi., M.Si.","info pasangan calon H. HASAN BASRI AGUS EDI PURWANTO, S.Hi., M.Si."
441,"H. ZUMI ZOLA ZULKIFLI, S.TP, MA","DR. Drs. H. FACHRORI UMAR, M.HUM","info pasangan calon H. ZUMI ZOLA ZULKIFLI, S.TP, MA DR. Drs. H. FACHRORI UMAR, M.HUM"
511,H. M. HARRIS,"Drs. H. ZARDEWAN, MM","info pasangan calon H. M. HARRIS Drs. H. ZARDEWAN, MM"
509,ZUKRI,Drs. H. ABDUL ANAS BADRUN,info pasangan calon ZUKRI Drs. H. ABDUL ANAS BADRUN
537,H.SUYATNO,Drs.JAMILUDIN,info pasangan calon H.SUYATNO Drs.JAMILUDIN
749,H. SYAFRUDIN,MOHAMAD RIDWAN.S.IP,info pasangan calon H. SYAFRUDIN MOHAMAD RIDWAN.S.IP
775,Drs. H. WAN SYAMSIR YUS,"H. HELMI, SE","info pasangan calon Drs. H. WAN SYAMSIR YUS H. HELMI, SE"
758,"H. HERMAN SANI, SH.,M.Si",TAEM,"info pasangan calon H. HERMAN SANI, SH.,M.Si TAEM"
661,"H. Syafaruddin Poti, SH","H. Erizal, ST","info pasangan calon H. Syafaruddin Poti, SH H. Erizal, ST"
663,"H. Suparman, S.Sos, M.Si",H. Sukiman,"info pasangan calon H. Suparman, S.Sos, M.Si H. Sukiman"
458,"Ir. H. Hafith Syukri, MM","Nasrul Hadi, ST., MT","info pasangan calon Ir. H. Hafith Syukri, MM Nasrul Hadi, ST., MT"
983,"H.SYAMSUAR, M.Si","Drs.H. ALFEDRI, M.Si","info pasangan calon H.SYAMSUAR, M.Si Drs.H. ALFEDRI, M.Si"
583,"H. SUHARTONO, SH","H. SYAHRUL, S.IP, M.Si","info pasangan calon H. SUHARTONO, SH H. SYAHRUL, S.IP, M.Si"
754,"Ir. H. INDRA CATRI, MSP., DT. MALAKO NAN PUTIAH","H. TRINDA FARHAN SATRIA, ST, MT","info pasangan calon Ir. H. INDRA CATRI, MSP., DT. MALAKO NAN PUTIAH H. TRINDA FARHAN SATRIA, ST, MT"
755,"IRWAN FIKRI, SH",CHAIRUNAS,"info pasangan calon IRWAN FIKRI, SH CHAIRUNAS"
729,"Drs. H. Taufan Gama Simatupang, M.AP","H. Surya, BSc","info pasangan calon Drs. H. Taufan Gama Simatupang, M.AP H. Surya, BSc"
1206,"Brigjen. TNI (Purn). Dr. Hj. Nurhajizah Marpaung, SH, MH","Ir. H. Amir Syarifuddin, MM","info pasangan calon Brigjen. TNI (Purn). Dr. Hj. Nurhajizah Marpaung, SH, MH Ir. H. Amir Syarifuddin, MM"
944,"ELISA KAMBU, S.Sos","THOMAS EPPE SAFANPO, ST","info pasangan calon ELISA KAMBU, S.Sos THOMAS EPPE SAFANPO, ST"
947,"FRITS TOBO WAKASU, S.Pak, SH",CORNELIS SALVATOR LAMERA,"info pasangan calon FRITS TOBO WAKASU, S.Pak, SH CORNELIS SALVATOR LAMERA"
546,"SILVESTER SIFORO, SH. MH","dr. YULIUS PATANDIANAN, Sp.B","info pasangan calon SILVESTER SIFORO, SH. MH dr. YULIUS PATANDIANAN, Sp.B"
547,SIMON DEWAR,JACOBUS RAYMUNDUS APOLINARIS TETHOOL,info pasangan calon SIMON DEWAR JACOBUS RAYMUNDUS APOLINARIS TETHOOL
642,"I Nyoman Giri Prasta, S.Sos","Drs. I Ketut Suiasa, SH","info pasangan calon I Nyoman Giri Prasta, S.Sos Drs. I Ketut Suiasa, SH"
646,"I Made Sudiana, SH., M.Si.",Drs. I Nyoman Sutrisno,"info pasangan calon I Made Sudiana, SH., M.Si. Drs. I Nyoman Sutrisno"
662,"Drs. H. ANSHARUDDIN, M.Si",H. SYAIFULLAH,"info pasangan calon Drs. H. ANSHARUDDIN, M.Si H. SYAIFULLAH"
461,"DIMAS FEBRIANDIE, ST., MT","H. M. Yusuf A, SH","info pasangan calon DIMAS FEBRIANDIE, ST., MT H. M. Yusuf A, SH"
22,"H. SUHARDI, SE",H. SABIRIN,"info pasangan calon H. SUHARDI, SE H. SABIRIN"
24,"Drs. H. M. RIDUAN DARLAN, M.SI","H. RUSLI ABAS, SE","info pasangan calon Drs. H. M. RIDUAN DARLAN, M.SI H. RUSLI ABAS, SE"
711,"H. DEKI FAJAR, SH.","DONY MULYANA KURNIA, ST.","info pasangan calon H. DEKI FAJAR, SH. DONY MULYANA KURNIA, ST."
1032,"CAMELIA PUJI ASTUTI, S.Sn, MA","H. M. AMIN, MA","info pasangan calon CAMELIA PUJI ASTUTI, S.Sn, MA H. M. AMIN, MA"
598,Ir. H. SYAHIRSAH. SY,"Hj. SOFIA JOESOEF, S.H","info pasangan calon Ir. H. SYAHIRSAH. SY Hj. SOFIA JOESOEF, S.H"
242,"H. ARDIAN FAISAL, S.E, M.Si",MUH. QOMARUDIN,"info pasangan calon H. ARDIAN FAISAL, S.E, M.Si MUH. QOMARUDIN"
318,"SINWAN, S.H",H. ARZANIL,"info pasangan calon SINWAN, S.H H. ARZANIL"
1155,"Yuslih Ihza, SE",Drs. Burhanuddin,"info pasangan calon Yuslih Ihza, SE Drs. Burhanuddin"
931,"dr. Basuri Tjahaja Purnama, M.Gizi Sp.GK","Fezzi Uktolseja, SE., MM","info pasangan calon dr. Basuri Tjahaja Purnama, M.Gizi Sp.GK Fezzi Uktolseja, SE., MM"
934,H. Usmandie A Andeska,Musdiyana,info pasangan calon H. Usmandie A Andeska Musdiyana
855,"WILLYBRODUS LAY, SH",Drs. J.T. OSE LUAN,"info pasangan calon WILLYBRODUS LAY, SH Drs. J.T. OSE LUAN"
857,"VENTJE JACOBUS ROMAN ABANIT, SE, Akt",Drs. BONA BOWE,"info pasangan calon VENTJE JACOBUS ROMAN ABANIT, SE, Akt Drs. BONA BOWE"
1159,"drg. VALENTINUS PAREIRA, MM","CYPRIANUS TEMU, S. IP","info pasangan calon drg. VALENTINUS PAREIRA, MM CYPRIANUS TEMU, S. IP"
1188,"DR. H. SULAIMAN ZAKARIA, Dipl.Ps",NOOR CHARIS PUTRA,"info pasangan calon DR. H. SULAIMAN ZAKARIA, Dipl.Ps NOOR CHARIS PUTRA"
486,"AMRIL MUKMININ, SE., MM","MUHAMMAD, ST., MP","info pasangan calon AMRIL MUKMININ, SE., MM MUHAMMAD, ST., MP"
1187,"Ir. H. HERLIYAN SALEH, M.Sc",RIZA PAHLEFI,"info pasangan calon Ir. H. HERLIYAN SALEH, M.Sc RIZA PAHLEFI"
481,"Sebastianus Darwis, SE., MM.",Rurahkmad,"info pasangan calon Sebastianus Darwis, SE., MM. Rurahkmad"
464,"Suryadman Gidot, M.Pd","Agustinus Naon, S.Sos","info pasangan calon Suryadman Gidot, M.Pd Agustinus Naon, S.Sos"
850,Drs. H. Zainal Abidin Merahli,"H. Syarifuddin Sabana, SH","info pasangan calon Drs. H. Zainal Abidin Merahli H. Syarifuddin Sabana, SH"
851,"H. Dirwan Mahmud, SH","Gusnan Mulyadi, S.E., M.M.","info pasangan calon H. Dirwan Mahmud, SH Gusnan Mulyadi, S.E., M.M."
520,H. Reskan Effendi,"Rini Susanti,S.Sos","info pasangan calon H. Reskan Effendi Rini Susanti,S.Sos"
521,"Ir. H. Ramlan Saim, MM.","H. Aprizal Zupi, SH.","info pasangan calon Ir. H. Ramlan Saim, MM. H. Aprizal Zupi, SH."
308,"H. Yurman Hamedi,S.IP","H. Ahmad Zarkasi, SP., M.Si","info pasangan calon H. Yurman Hamedi,S.IP H. Ahmad Zarkasi, SP., M.Si"
38,Ir. Mian,"Arie Septia Adinata, SE","info pasangan calon Ir. Mian Arie Septia Adinata, SE"
374,Gunadi,"Sutrisno Udro Lukmono, SE","info pasangan calon Gunadi Sutrisno Udro Lukmono, SE"
666,"H, Ahmad Rifai, ST.MM",H. Fahmi Rizani,"info pasangan calon H, Ahmad Rifai, ST.MM H. Fahmi Rizani"
544,"H. Muharram, S.Pd, MM",H. Agus Tamtomo,"info pasangan calon H. Muharram, S.Pd, MM H. Agus Tamtomo"
67,"ABDUL KHAYIR, SH, MH","Drs. H. ABDUL HAMID, M.Si","info pasangan calon ABDUL KHAYIR, SH, MH Drs. H. ABDUL HAMID, M.Si"
1033,HJ. INDAH DHAMAYANTI PUTRI,DRS. DAHLAN M. NOER,info pasangan calon HJ. INDAH DHAMAYANTI PUTRI DRS. DAHLAN M. NOER
309,"DRS. H. SYAFRUDIN H.M.NUR.,M.PD",DRS. H. MASYKUR HMS,"info pasangan calon DRS. H. SYAFRUDIN H.M.NUR.,M.PD DRS. H. MASYKUR HMS"
209,ADY MAHYUDI,DRS. A. ZUBAIR,info pasangan calon ADY MAHYUDI DRS. A. ZUBAIR
715,DRS.KHAZALIK,"INDRA SETIAWAN, SST","info pasangan calon DRS.KHAZALIK INDRA SETIAWAN, SST"
722,"APRI SUJADI, S.Sos","H. DALMASRI, M.M","info pasangan calon APRI SUJADI, S.Sos H. DALMASRI, M.M"
349,K.H. SOFYAN YAHYA,"Drs. H. AGUS YASMIN, S.IP., M.Si.","info pasangan calon K.H. SOFYAN YAHYA Drs. H. AGUS YASMIN, S.IP., M.Si."
351,"H. DADANG MOH. NASER, SH., S.IP., M.I.Pol.","H. GUN GUN GUNAWAN, S.Si., M.Si.","info pasangan calon H. DADANG MOH. NASER, SH., S.IP., M.I.Pol. H. GUN GUN GUNAWAN, S.Si., M.Si."
1092,"Ir. H. HERWIN YATIM, MM",H. MUSTAR LABOLO,"info pasangan calon Ir. H. HERWIN YATIM, MM H. MUSTAR LABOLO"
1095,"H. M. SOPHIAN MILE, SE, MM","SUKRI DJALUMANG, S.Sos","info pasangan calon H. M. SOPHIAN MILE, SE, MM SUKRI DJALUMANG, S.Sos"
1090,Drs. H. MA'MUN AMIR,"Hj. BATIA SISILIA HADJAR, SE, MM","info pasangan calon Drs. H. MA'MUN AMIR Hj. BATIA SISILIA HADJAR, SE, MM"
1139,"Moh. Tanjung S, Dg. Pawara, SE","Masykur Abdullah, Bsc","info pasangan calon Moh. Tanjung S, Dg. Pawara, SE Masykur Abdullah, Bsc"
1140,Drs. H. Wenny Bukamo,Dra. Hj. Tuty Hamid,info pasangan calon Drs. H. Wenny Bukamo Dra. Hj. Tuty Hamid
1141,"H. Musir A. Madja, SH, MM",Ahmad Buluan,"info pasangan calon H. Musir A. Madja, SH, MM Ahmad Buluan"
1142,"Sofyan Kaepa, SH","Trin S. Lulumba, S.Kep, Ns","info pasangan calon Sofyan Kaepa, SH Trin S. Lulumba, S.Kep, Ns"
415,"H. SUKIRMAN, SH","SAFRI, SE","info pasangan calon H. SUKIRMAN, SH SAFRI, SE"
650,"Ust. H. ZUHRI M. SYAZALI, Lc., MA","H. SAIFUL FAKAH, S. Pd. I","info pasangan calon Ust. H. ZUHRI M. SYAZALI, Lc., MA H. SAIFUL FAKAH, S. Pd. I"
558,"Drs. H. PARHAN ALI, MM","MARKUS, SH","info pasangan calon Drs. H. PARHAN ALI, MM MARKUS, SH"
707,H. JAMRO H. JALIL,FIRMANSYAH. SM,info pasangan calon H. JAMRO H. JALIL FIRMANSYAH. SM
708,"Drs. JUSTIAR NOER, ST, MM, M.Si","RIZA HERDAVID, ST","info pasangan calon Drs. JUSTIAR NOER, ST, MM, M.Si RIZA HERDAVID, ST"
430,"RINA TAROL, SE",Drs. DJULAILI ROMLI,"info pasangan calon RINA TAROL, SE Drs. DJULAILI ROMLI"
422,"H. ERZALDI ROSMAN, SE, MM","Ir. H. IBNU SALEH, MM","info pasangan calon H. ERZALDI ROSMAN, SE, MM Ir. H. IBNU SALEH, MM"
423,Ir. H. PATRIANUSA SJAHRUN,"HABIBULLAH H.A HIJAZI, SH","info pasangan calon Ir. H. PATRIANUSA SJAHRUN HABIBULLAH H.A HIJAZI, SH"
859,"I Made Gianyar,SH.,M.Hum","Sang Nyoman Sedana Arta,SE","info pasangan calon I Made Gianyar,SH.,M.Hum Sang Nyoman Sedana Arta,SE"
861,"Drs. Ida Bagus Brahmaputra, S.Sos., MM",I Ketut Ridet,"info pasangan calon Drs. Ida Bagus Brahmaputra, S.Sos., MM I Ketut Ridet"
519,"Drs. H. Pangeran Chairiansjah, MM",H. Abd. Hadi Al Hafiz,"info pasangan calon Drs. H. Pangeran Chairiansjah, MM H. Abd. Hadi Al Hafiz"
207,"DR. H.A. Fauzan Saleh, M.AG","Drs. H. Teja Sukmana, M.AP","info pasangan calon DR. H.A. Fauzan Saleh, M.AG Drs. H. Teja Sukmana, M.AP"
1245,"H. Gusti Abidinsyah, S.Sos, MM","H. Mawardi Abbas, S.Sos","info pasangan calon H. Gusti Abidinsyah, S.Sos, MM H. Mawardi Abbas, S.Sos"
452,KH. Khalilurrahman,"H. Saidi Mansur, SE","info pasangan calon KH. Khalilurrahman H. Saidi Mansur, SE"
961,Drs. H. Suharsono,H. Abdul Halim Muslih,info pasangan calon Drs. H. Suharsono H. Abdul Halim Muslih
276,Hj. Sri Surya Widati,Drs. Misbakhul Munir,info pasangan calon Hj. Sri Surya Widati Drs. Misbakhul Munir
553,"H. Abdullah Azwar Anas, M.Si","Yusuf Widyatmoko, S. Sos","info pasangan calon H. Abdullah Azwar Anas, M.Si Yusuf Widyatmoko, S. Sos"
790,"Ir. SUMANTRI SOEDOMO, MP","SIGIT WAHYUWIDODO, SH","info pasangan calon Ir. SUMANTRI SOEDOMO, MP SIGIT WAHYUWIDODO, SH"
1026,H. M. MALKAN AMIN,A. SALAHUDDIN RUM,info pasangan calon H. M. MALKAN AMIN A. SALAHUDDIN RUM
561,Drs. H. ANDI ANWAR AKSA,"H. ADHAN ARMAN , S.Sos","info pasangan calon Drs. H. ANDI ANWAR AKSA H. ADHAN ARMAN , S.Sos"
548,"Ir. H. ANDI IDRIS SYUKUR, MS","Ir. H. SUARDI SALEH, M.Si","info pasangan calon Ir. H. ANDI IDRIS SYUKUR, MS Ir. H. SUARDI SALEH, M.Si"
742,Tagog Soulisa,Buce Salikay,info pasangan calon Tagog Soulisa Buce Salikay
529,Ridwan zakariah,La Djiru,info pasangan calon Ridwan zakariah La Djiru
1000,La Ode Abdul Ganiun,Ahmad Gamsir. S.Sos,info pasangan calon La Ode Abdul Ganiun Ahmad Gamsir. S.Sos
1003,"Drs. Abu Hasan, M.Pd",Ramadio. S.E,"info pasangan calon Drs. Abu Hasan, M.Pd Ramadio. S.E"
589,"Deni Sunarya, SH","Dr. Zainy Hamzah, Sp. BS","info pasangan calon Deni Sunarya, SH Dr. Zainy Hamzah, Sp. BS"
497,"dr. H. Suranto, MM","Aldwin Rahadian M, SH., M.AP.","info pasangan calon dr. H. Suranto, MM Aldwin Rahadian M, SH., M.AP."
1143,"H. Irvan Rivano Muchtar, S.IP, SH., M.Si","H. Herman Suherman, ST., M.AP.","info pasangan calon H. Irvan Rivano Muchtar, S.IP, SH., M.Si H. Herman Suherman, ST., M.AP."
380,"Drs. H. Moh. Dachirin Said, SH, M.Si","Edi Sayudi, ST","info pasangan calon Drs. H. Moh. Dachirin Said, SH, M.Si Edi Sayudi, ST"
230,Drs. Harwanto,"Maskuri, S.Ag","info pasangan calon Drs. Harwanto Maskuri, S.Ag"
938,"H.M NATSIR, A.Ma",Drs. JOKO SUTANTO,"info pasangan calon H.M NATSIR, A.Ma Drs. JOKO SUTANTO"
1164,"Ir. H. ADI GUNAWAN, M.M","H. JONSON PUTRA, S.I.P","info pasangan calon Ir. H. ADI GUNAWAN, M.M H. JONSON PUTRA, S.I.P"
405,"SUTAN RISKA TUANKU KERAJAAN, SE","H. AMRIZAL DT. RAJO MEDAN, S.Sos","info pasangan calon SUTAN RISKA TUANKU KERAJAAN, SE H. AMRIZAL DT. RAJO MEDAN, S.Sos"
382,"SYAFRUDDIN, S.A.P","RAFIUDDIN, SE","info pasangan calon SYAFRUDDIN, S.A.P RAFIUDDIN, SE"
312,"H. MULYADIN, SH,MH",KURNIAWAN AHMADI,"info pasangan calon H. MULYADIN, SH,MH KURNIAWAN AHMADI"
640,"H. ABUBAKAR AHMAD, SH","KISMAN, SH","info pasangan calon H. ABUBAKAR AHMAD, SH KISMAN, SH"
314,Drs. H. BAMBANG M. YASIN,"ARIFUDDIN, SH","info pasangan calon Drs. H. BAMBANG M. YASIN ARIFUDDIN, SH"
64,"Sukri I. Moonti, SH., MH",dr. Sri Dearsianti Tuna,"info pasangan calon Sukri I. Moonti, SH., MH dr. Sri Dearsianti Tuna"
627,"PROF. DR. Ir. Hi. NELSON POMALINGO, M.Pd","Hi. FADLI HASAN, ST, M.Si","info pasangan calon PROF. DR. Ir. Hi. NELSON POMALINGO, M.Pd Hi. FADLI HASAN, ST, M.Si"
398,"Dr. Hi. Rustam Hs. Akili, SE, SH, MH",Ir. Hi. Anas Jusuf,"info pasangan calon Dr. Hi. Rustam Hs. Akili, SE, SH, MH Ir. Hi. Anas Jusuf"
69,"Zukri Harmain, SE., ME","Dudy Sunganda Daud, S.KED","info pasangan calon Zukri Harmain, SE., ME Dudy Sunganda Daud, S.KED"
400,H. Tonny S. Junus,H. Sofyan Puhi,info pasangan calon H. Tonny S. Junus H. Sofyan Puhi
275,DRS. ANDI MADDUSILA ANDI IDJO,"WAHYU PERMANA KAHARUDDIN, SE","info pasangan calon DRS. ANDI MADDUSILA ANDI IDJO WAHYU PERMANA KAHARUDDIN, SE"
913,"Hj. TENRI OLLE YASIN LIMPO, SH, M.Si","DRS. H. HAIRIL MUIN, M.Si","info pasangan calon Hj. TENRI OLLE YASIN LIMPO, SH, M.Si DRS. H. HAIRIL MUIN, M.Si"
1249,DRS. H. SJACHRIR SJAFRUDDIN DG. JARUNG,IR. H. M. ANWAR USMAN,info pasangan calon DRS. H. SJACHRIR SJAFRUDDIN DG. JARUNG IR. H. M. ANWAR USMAN
104,"ADNAN PURICHTA ICHSAN YL, SH","H. ABDUL RAUF MALLAGANNI, S.Sos, M.Si","info pasangan calon ADNAN PURICHTA ICHSAN YL, SH H. ABDUL RAUF MALLAGANNI, S.Sos, M.Si"
106,"IR. DJAMALUDDIN MAKNUN, MP","DR. H. MASJKUR, SP., M.Si","info pasangan calon IR. DJAMALUDDIN MAKNUN, MP DR. H. MASJKUR, SP., M.Si"
1013,"Dr. H. HUSNUL KHULUQ, Drs. M.M","Drs. H. ACH. RUBAIE, S.H., M.H.","info pasangan calon Dr. H. HUSNUL KHULUQ, Drs. M.M Drs. H. ACH. RUBAIE, S.H., M.H."
1014,"Dr. Ir. H. SAMBARI HALIM RADIANTO, S.T., M.Si.","Drs. H. MOCH. QOSIM, M.Si.","info pasangan calon Dr. Ir. H. SAMBARI HALIM RADIANTO, S.T., M.Si. Drs. H. MOCH. QOSIM, M.Si."
1015,"AHMAD NURHAMIM, S.Pi., M.Si.","JUNAIDI, S.T.","info pasangan calon AHMAD NURHAMIM, S.Pi., M.Si. JUNAIDI, S.T."
930,"H. ICEK BASKORO, SH, MH","H. SUGENG PRASETYO, SE, MM","info pasangan calon H. ICEK BASKORO, SH, MH H. SUGENG PRASETYO, SE, MM"
228,H. DJOKO NUGROHO,"H. ARIEF ROHMAN, M.Si","info pasangan calon H. DJOKO NUGROHO H. ARIEF ROHMAN, M.Si"
482,"H. ABU NAFI, SH","H. M. Dasum, SE, MMA","info pasangan calon H. ABU NAFI, SH H. M. Dasum, SE, MMA"
1044,"H. M. KUSNANTO, SH","SUTRISNO, SIP, M.MAR","info pasangan calon H. M. KUSNANTO, SH SUTRISNO, SIP, M.MAR"
654,DRS. AZHAR YASIN,"GUSTAMIL KATILI, S.Pdi","info pasangan calon DRS. AZHAR YASIN GUSTAMIL KATILI, S.Pdi"
348,"H. HERSON MAYULU, S.IP","ISKANDAR KAMARU, S.Pt","info pasangan calon H. HERSON MAYULU, S.IP ISKANDAR KAMARU, S.Pt"
1200,SEHAN S LANDJAR. SH,Drs. RUSDI GUMALANGIT,info pasangan calon SEHAN S LANDJAR. SH Drs. RUSDI GUMALANGIT
1201,CANDRA MODEONG,SUPRATMAN DATUNSOLANG,info pasangan calon CANDRA MODEONG SUPRATMAN DATUNSOLANG
1205,"SAM SACHRUL MAMONTO, S.Sos","MEDY M. LENSUN, ST","info pasangan calon SAM SACHRUL MAMONTO, S.Sos MEDY M. LENSUN, ST"
1007,HAMIM POU,MOHAMAD KILAT WARTABONE,info pasangan calon HAMIM POU MOHAMAD KILAT WARTABONE
1009,INRAWANTO HASAN,AHMAD TAHIDJI,info pasangan calon INRAWANTO HASAN AHMAD TAHIDJI
806,AZAN PIOLA,"SYAMSU T. BOTUTIHE, S.Fil.I","info pasangan calon AZAN PIOLA SYAMSU T. BOTUTIHE, S.Fil.I"
28,SYAMSIR DJAFAR KIAYI,H. HUSAIN LAMANASA,info pasangan calon SYAMSIR DJAFAR KIAYI H. HUSAIN LAMANASA
815,"H. MOH. KRIS WARTABONE, S.AP","TAHIR S. BADU, S.AP., MM","info pasangan calon H. MOH. KRIS WARTABONE, S.AP TAHIR S. BADU, S.AP., MM"
698,"YESAYA MERASI, S.IP",Drs.PAULINUS WANGGIMOP,"info pasangan calon YESAYA MERASI, S.IP Drs.PAULINUS WANGGIMOP"
682,HELENA TABYAROP,FRETS SARUMPIA,info pasangan calon HELENA TABYAROP FRETS SARUMPIA
692,"YUSAK YALUWO, SH.MSi","YAKOB WEREMBA, S.PAK","info pasangan calon YUSAK YALUWO, SH.MSi YAKOB WEREMBA, S.PAK"
1124,"BENEDIKTUS TAMBONOP,S.STP","H.CHAERUL ANWAR, ST","info pasangan calon BENEDIKTUS TAMBONOP,S.STP H.CHAERUL ANWAR, ST"
257,Drs. Seno Samodro,"Mohammad Said Hidayat, SH","info pasangan calon Drs. Seno Samodro Mohammad Said Hidayat, SH"
480,"Agus Purmanto, SH., M.Si","H. Sugiyarto, S.Sos","info pasangan calon Agus Purmanto, SH., M.Si H. Sugiyarto, S.Sos"
718,"IR. H. MASYKUR A. SULTAN, MS",DRS. H. A. EDY MANAF,"info pasangan calon IR. H. MASYKUR A. SULTAN, MS DRS. H. A. EDY MANAF"
906,"Hj. Jumrana Salikki, SE","H. Husbiannas Alsi, S.Sos","info pasangan calon Hj. Jumrana Salikki, SE H. Husbiannas Alsi, S.Sos"
1199,H. A. M. SUKRI A. SAPPEWALI,"TOMY SATRIA YULIANTO, S.IP","info pasangan calon H. A. M. SUKRI A. SAPPEWALI TOMY SATRIA YULIANTO, S.IP"
908,"H. Askar. HL, SE","H. Nawawi Burhan, Bsc, SE","info pasangan calon H. Askar. HL, SE H. Nawawi Burhan, Bsc, SE"
1022,"Abdul Kahar Muslim, S.Hi",Andi Sabri Mustari,"info pasangan calon Abdul Kahar Muslim, S.Hi Andi Sabri Mustari"
322,"H.SUDJATI, SH",INGKONG ALA,"info pasangan calon H.SUDJATI, SH INGKONG ALA"
609,"Dr.LIET INGAI, M.Si","KASMAN GAFFAR, S.Pd.I","info pasangan calon Dr.LIET INGAI, M.Si KASMAN GAFFAR, S.Pd.I"
613,Dra. Oni Aprianor,NAJAMUDIN,info pasangan calon Dra. Oni Aprianor NAJAMUDIN
1008,"H. SUDIRMAN ZAINI, SH, MH","H. ANDRIANSYAH, SE, M.Si","info pasangan calon H. SUDIRMAN ZAINI, SH, MH H. ANDRIANSYAH, SE, M.Si"
479,"H. MASHURI, SP, ME","Safrudin Dwi Apriyanto, S.Pd","info pasangan calon H. MASHURI, SP, ME Safrudin Dwi Apriyanto, S.Pd"
740,Hakim Patsey,Anton Lesnusa,info pasangan calon Hakim Patsey Anton Lesnusa
484,"SRI SUMARNI, SH, MM","EDY MARYONO, SH, MM","info pasangan calon SRI SUMARNI, SH, MM EDY MARYONO, SH, MM"
260,"Benyamin Sudarmadi, S.H.,M.Si.","Drs. H. Mustangid, M.Pd.","info pasangan calon Benyamin Sudarmadi, S.H.,M.Si. Drs. H. Mustangid, M.Pd."
535,"H. Djangkung Sudjarwadi, SH., LLM.","Endah Subekti Kuntariningsih, SE.","info pasangan calon H. Djangkung Sudjarwadi, SH., LLM. Endah Subekti Kuntariningsih, SE."
536,"Hj. Badingah,S.Sos","Dr.Drs.H Immawan Wahyudi, M.H","info pasangan calon Hj. Badingah,S.Sos Dr.Drs.H Immawan Wahyudi, M.H"
636,H. Subardi TS,"Dr. Ir. H. Wahyu Purwanto, M.SIE","info pasangan calon H. Subardi TS Dr. Ir. H. Wahyu Purwanto, M.SIE"
476,Danny Missy,Azakir Mandor,info pasangan calon Danny Missy Azakir Mandor
421,"Risno Sadonda, ST","Djainudin Abdullah, S.Sos","info pasangan calon Risno Sadonda, ST Djainudin Abdullah, S.Sos"
652,James Uang,Adlan Badi,info pasangan calon James Uang Adlan Badi
625,M. Syukur Mandar. SH. MM,"Benny Andhika Ama, SE","info pasangan calon M. Syukur Mandar. SH. MM Benny Andhika Ama, SE"
799,"H. Amin Ahmad S.IP, MM","Jaya Lamusu, SP","info pasangan calon H. Amin Ahmad S.IP, MM Jaya Lamusu, SP"
801,Bahrain Kasuba,"Iswan Hasjim ST, MT","info pasangan calon Bahrain Kasuba Iswan Hasjim ST, MT"
803,"H. Ponsen Sarfa, ST. MM","Sagaf A. HI. Taha, S.Ag","info pasangan calon H. Ponsen Sarfa, ST. MM Sagaf A. HI. Taha, S.Ag"
798,"Rusihan Jafar, S.Pd",Drs. Paulus Beny Parengkuan,"info pasangan calon Rusihan Jafar, S.Pd Drs. Paulus Beny Parengkuan"
496,"H.RUDY ERAWAN, SE. MS.I",IR.MUHDIN HI. MABUD,"info pasangan calon H.RUDY ERAWAN, SE. MS.I IR.MUHDIN HI. MABUD"
186,"ANJAS TAHER, SE.M.SI","NURDIN ABAS, S.Ag","info pasangan calon ANJAS TAHER, SE.M.SI NURDIN ABAS, S.Ag"
644,Ir. Frans Manery,Muchlis Tapi Tapi,info pasangan calon Ir. Frans Manery Muchlis Tapi Tapi
194,"John R. Pattiasina, STP. M.Si",Nuraini R. Konofo,"info pasangan calon John R. Pattiasina, STP. M.Si Nuraini R. Konofo"
487,Dr. Hi. Kasman Hi Ahmad M.Dp,Imanuel Lalonto,info pasangan calon Dr. Hi. Kasman Hi Ahmad M.Dp Imanuel Lalonto
489,"dr. Harianto Tantry, SpOg. KFER","Drs. H. Djasmin Rainu, S. ME","info pasangan calon dr. Harianto Tantry, SpOg. KFER Drs. H. Djasmin Rainu, S. ME"
490,"Dr. Drs. Piet Hein Babua, M.Si","Samsul Bahari Usman, S.Ag","info pasangan calon Dr. Drs. Piet Hein Babua, M.Si Samsul Bahari Usman, S.Ag"
112,ANDI MAHMUDI,H. ANWAR EFFENDI,info pasangan calon ANDI MAHMUDI H. ANWAR EFFENDI
448,"DR.Ir.H.HARUN NURASID,MM.,MT","H.AULIA OKTAFIANDI,ST.,MAppCom","info pasangan calon DR.Ir.H.HARUN NURASID,MM.,MT H.AULIA OKTAFIANDI,ST.,MAppCom"
449,"H. ABDUL LATIF,ST.SH.MH",Drs. H.A.CHAIRANSYAH,"info pasangan calon H. ABDUL LATIF,ST.SH.MH Drs. H.A.CHAIRANSYAH"
571,DOSMAR BANJARNAHOR,SAUT PARLINDUNGAN SIMAMORA,info pasangan calon DOSMAR BANJARNAHOR SAUT PARLINDUNGAN SIMAMORA
43,RIMSO MARULI SINAGA,S. DERINCEN HASUGIAN,info pasangan calon RIMSO MARULI SINAGA S. DERINCEN HASUGIAN
45,MARGANTI MANULLANG,RAMSES PURBA,info pasangan calon MARGANTI MANULLANG RAMSES PURBA
317,Drs. H. T. MUKHTARUDDIN,"Hj. AMINAH, SE","info pasangan calon Drs. H. T. MUKHTARUDDIN Hj. AMINAH, SE"
617,"H. YOPI ARIANTO, SE","H. KHAIRIZAL, SE., M.Si","info pasangan calon H. YOPI ARIANTO, SE H. KHAIRIZAL, SE., M.Si"
808,HJ. ANNA SOPHANAH,"DRS. H. SUPENDI, M.Si","info pasangan calon HJ. ANNA SOPHANAH DRS. H. SUPENDI, M.Si"
160,"TOTO SUCARTONO, SE",DRS. H. RASTA WIGUNA,"info pasangan calon TOTO SUCARTONO, SE DRS. H. RASTA WIGUNA"
1173,Hj. YENNITA FITRIANI. MH,"HERLIAN MUCHRIM, ST","info pasangan calon Hj. YENNITA FITRIANI. MH HERLIAN MUCHRIM, ST"
901,"H. KHAYUB MOHAMAD LUTFI, SE","H. AKHMAD BAKHRUN, S.Sos, MH","info pasangan calon H. KHAYUB MOHAMAD LUTFI, SE H. AKHMAD BAKHRUN, S.Sos, MH"
902,"Ir.H. MOHAMMAD YAHYA FUAD, SE",KH. YAZID MAHFUDZ,"info pasangan calon Ir.H. MOHAMMAD YAHYA FUAD, SE KH. YAZID MAHFUDZ"
907,"H. BAMBANG WIDODO, SE, MM","H. SUNARTO, ST","info pasangan calon H. BAMBANG WIDODO, SE, MM H. SUNARTO, ST"
827,HARYANTI,H. MASYKURI DRS MM,info pasangan calon HARYANTI H. MASYKURI DRS MM
1010,"ARI PURNOMO ADI, DR",ARIFIN,"info pasangan calon ARI PURNOMO ADI, DR ARIFIN"
588,"DRS. CELSIUS WATAE, MH","MUH. MARKUM, SH","info pasangan calon DRS. CELSIUS WATAE, MH MUH. MARKUM, SH"
591,"BENNY SWENY, S.Sos",Ust. H. NURSALIM,"info pasangan calon BENNY SWENY, S.Sos Ust. H. NURSALIM"
597,"DR. YUSUF WALLY, SE, MM","SARMINANTO, SH, MM","info pasangan calon DR. YUSUF WALLY, SE, MM SARMINANTO, SH, MM"
585,"JANSEN MONIM, ST, MM.","IGNASIUS HASIM, S.Ag","info pasangan calon JANSEN MONIM, ST, MM. IGNASIUS HASIM, S.Ag"
953,dr. Hj. WIDYA KANDI SUSANTI MM,MUHAMAD HILMI,info pasangan calon dr. Hj. WIDYA KANDI SUSANTI MM MUHAMAD HILMI
955,"dr. MIRNA ANNISA, M.Si",MASRUR MASYKUR,"info pasangan calon dr. MIRNA ANNISA, M.Si MASRUR MASYKUR"
737,"BAMBANG SUGIANTO, SH.MH","ARBI, S.IP","info pasangan calon BAMBANG SUGIANTO, SH.MH ARBI, S.IP"
766,Dr.Ir.HIDAYATTULLAH SJAHID MM,"NETI HERAWATI, S.Sos","info pasangan calon Dr.Ir.HIDAYATTULLAH SJAHID MM NETI HERAWATI, S.Sos"
814,Ir. FIRDAUS JAILANI,BAHRUDIN,info pasangan calon Ir. FIRDAUS JAILANI BAHRUDIN
812,Abdul Haris.SH,Wann Zuhendra,info pasangan calon Abdul Haris.SH Wann Zuhendra
813,Azhar,Andik Mulyawarman,info pasangan calon Azhar Andik Mulyawarman
450,dr. Johan Donga,"Muin Sogalrey, SE","info pasangan calon dr. Johan Donga Muin Sogalrey, SE"
451,"Welhelm Daniel Kurnala, SH","Asis Goin, S.IP","info pasangan calon Welhelm Daniel Kurnala, SH Asis Goin, S.IP"
1137,TENGKU MUSTAFA,AMYURLIS alias UCOK,info pasangan calon TENGKU MUSTAFA AMYURLIS alias UCOK
1138,"Drs. H. IRWAN, M.Si",Drs. H. SAID HASYIM,"info pasangan calon Drs. H. IRWAN, M.Si Drs. H. SAID HASYIM"
251,"H. SAIFUL ARIF, S.H","H. M. JUNAEDI FAISAL, S.E","info pasangan calon H. SAIFUL ARIF, S.H H. M. JUNAEDI FAISAL, S.E"
249,MUH. BASLI ALI,"DR. H. ZAINUDDIN, S.H., M.H","info pasangan calon MUH. BASLI ALI DR. H. ZAINUDDIN, S.H., M.H"
819,"AJI SUMARNO, S.STP., M.M","ABD. GANI, S.Pd.I., M.PD. I","info pasangan calon AJI SUMARNO, S.STP., M.M ABD. GANI, S.Pd.I., M.PD. I"
499,Hendrata Thes,Zulfahri Abdullah,info pasangan calon Hendrata Thes Zulfahri Abdullah
502,Ir. Rusmin Latara,Ir. H. M. Saleh Marasabessy,info pasangan calon Ir. Rusmin Latara Ir. H. M. Saleh Marasabessy
503,"H. Safi Pauwah, SH",Ir. H. Farouk Bahanan,"info pasangan calon H. Safi Pauwah, SH Ir. H. Farouk Bahanan"
180,"Martin Rantan,SH",Drs. Suprapto,"info pasangan calon Martin Rantan,SH Drs. Suprapto"
182,"Ir. Aswin Fuad, M.M., M.T",Drs. Suwignjo,"info pasangan calon Ir. Aswin Fuad, M.M., M.T Drs. Suwignjo"
465,"H. Boyman Harun, S.H",Drs. H. gurdani Achmad,"info pasangan calon H. Boyman Harun, S.H Drs. H. gurdani Achmad"
630,"dr. Hj. FAIDA, MMR",Drs. KH. A. MUQIT ARIEF,"info pasangan calon dr. Hj. FAIDA, MMR Drs. KH. A. MUQIT ARIEF"
386,"H. Sugiarto, S.H","DR. Dwi Koryanto, SP.BS","info pasangan calon H. Sugiarto, S.H DR. Dwi Koryanto, SP.BS"
848,"I Putu Artha, SE., MM","I Made Kembang Hartawan, SE., MM","info pasangan calon I Putu Artha, SE., MM I Made Kembang Hartawan, SE., MM"
849,"I Komang Sinatra, SH",I Gusti Agung Ketut Sudayanasa,"info pasangan calon I Komang Sinatra, SH I Gusti Agung Ketut Sudayanasa"
686,Freddy Thie,Mohamad Lakotany,info pasangan calon Freddy Thie Mohamad Lakotany
1112,"Drs. Hasan Achmad, M.Si",Amos Uruw,"info pasangan calon Drs. Hasan Achmad, M.Si Amos Uruw"
478,"A. M. Nasir, SH","Antonius L. Ain Pamero, SH","info pasangan calon A. M. Nasir, SH Antonius L. Ain Pamero, SH"
469,"Fransiskus Diaan, S.H","Andi Aswad, S.H","info pasangan calon Fransiskus Diaan, S.H Andi Aswad, S.H"
262,"I Gusti Ayu Mas Sumantri, S.sos, M.Ap","I Wayan Artha Dipa, SH, MH","info pasangan calon I Gusti Ayu Mas Sumantri, S.sos, M.Ap I Wayan Artha Dipa, SH, MH"
867,"I Wayan Sudirta, SH","Ni Made Sumiati, SH","info pasangan calon I Wayan Sudirta, SH Ni Made Sumiati, SH"
620,"I Made Sukerana, SH",I Komang Kisid,"info pasangan calon I Made Sukerana, SH I Komang Kisid"
40,"NANAN TARYANA, S.Pd","ASEP AGUSTIAN, SH., MH.","info pasangan calon NANAN TARYANA, S.Pd ASEP AGUSTIAN, SH., MH."
219,"H. SAAN MUSTOPA, S.IP.,M.Si.",Ir. H. IMAN SOEMANTRI,"info pasangan calon H. SAAN MUSTOPA, S.IP.,M.Si. Ir. H. IMAN SOEMANTRI"
42,"NACE PERMANA, SE., M.Ikom","HJ. YENIH, SE.","info pasangan calon NACE PERMANA, SE., M.Ikom HJ. YENIH, SE."
356,H. AKHMAD MARJUKI,TB. DEDY SUWANDI GUMELAR,info pasangan calon H. AKHMAD MARJUKI TB. DEDY SUWANDI GUMELAR
44,"H. DADAY HUDAYA, SH., MH","DRS. H. EDY YUSUF HS, MM","info pasangan calon H. DADAY HUDAYA, SH., MH DRS. H. EDY YUSUF HS, MM"
501,dr. CELLICA NURRACHADIANA,"H. AHMAD ZAMAKHSARI,S.Ag","info pasangan calon dr. CELLICA NURRACHADIANA H. AHMAD ZAMAKHSARI,S.Ag"
475,"Agusriono, SE",Ahmad Darwis,"info pasangan calon Agusriono, SE Ahmad Darwis"
48,Drs. H. R. Usman Aziz,"Zulkhainen, SH., MH","info pasangan calon Drs. H. R. Usman Aziz Zulkhainen, SH., MH"
473,Aunur Rafiq,Anwar Hasyim,info pasangan calon Aunur Rafiq Anwar Hasyim
1252,"Terkelin Brahmana, SH",Cory Sri Waty Sebayang,"info pasangan calon Terkelin Brahmana, SH Cory Sri Waty Sebayang"
513,Ir. Ramon Bangun,Eddy Ulina Ginting,info pasangan calon Ir. Ramon Bangun Eddy Ulina Ginting
514,Sudarto Sitepu,Herman Antonius Purba,info pasangan calon Sudarto Sitepu Herman Antonius Purba
967,"Cuaca Bangun, SE. Ak, M.Si, SH, MH, CLA","David Ginting Manik, SE.","info pasangan calon Cuaca Bangun, SE. Ak, M.Si, SH, MH, CLA David Ginting Manik, SE."
970,"Heben Heser Ginting, A.Md. SE",Ngadep Tarigen,"info pasangan calon Heben Heser Ginting, A.Md. SE Ngadep Tarigen"
972,"Pt. Layari Sinukaban, SIP","Dk. Ramlan Tarigan, S.Sos","info pasangan calon Pt. Layari Sinukaban, SIP Dk. Ramlan Tarigan, S.Sos"
973,Bangkit Sitepu,Drs. Simon Sembiring,info pasangan calon Bangkit Sitepu Drs. Simon Sembiring
299,"Gusril Pausi, S. Sos",Hj. Yulis Suti Sutri,"info pasangan calon Gusril Pausi, S. Sos Hj. Yulis Suti Sutri"
84,"Yusmeri Herlan, SE",Suparlis Hayati,"info pasangan calon Yusmeri Herlan, SE Suparlis Hayati"
1167,"Kolonel Inf. YAKRAMAN YAGUS, SH","AMIR HAMZAH, S. Sos","info pasangan calon Kolonel Inf. YAKRAMAN YAGUS, SH AMIR HAMZAH, S. Sos"
467,"Drs. H. Andi Djamiruddin, M.Si",Chanisius Kuan,"info pasangan calon Drs. H. Andi Djamiruddin, M.Si Chanisius Kuan"
273,ONE KRISNATA,"Drs. H. SUNARTO, M.Hum","info pasangan calon ONE KRISNATA Drs. H. SUNARTO, M.Hum"
81,"H. MUSTAFID FAUZAN, S.E","SRI HARMANTO, S.E, M.Si","info pasangan calon H. MUSTAFID FAUZAN, S.E SRI HARMANTO, S.E, M.Si"
633,"Hj. SRI HARTINI, SE",Hj. SRI MULYANI,"info pasangan calon Hj. SRI HARTINI, SE Hj. SRI MULYANI"
1006,"H. Muh. Buddu, SE","H. Ridwan Basnapal, SE","info pasangan calon H. Muh. Buddu, SE H. Ridwan Basnapal, SE"
224,H. Syamsu Alam,"Farida Harianti, SH","info pasangan calon H. Syamsu Alam Farida Harianti, SH"
506,"H. Wahyu Ade Pratama Imran, SH",Idul Fitri Syam,"info pasangan calon H. Wahyu Ade Pratama Imran, SH Idul Fitri Syam"
507,"Drs. H. Tony Herbiansyah, M.Si","Hj. Andi Merya Nur, S.IP","info pasangan calon Drs. H. Tony Herbiansyah, M.Si Hj. Andi Merya Nur, S.IP"
985,H. M. Nur Sinapoy,H. Abd. Salam,info pasangan calon H. M. Nur Sinapoy H. Abd. Salam
986,M. Ridwan Landipo,Kurdin Wahab,info pasangan calon M. Ridwan Landipo Kurdin Wahab
508,"Ir. Amrullah, MT","Lutfi Andi Hamid, SE, MM","info pasangan calon Ir. Amrullah, MT Lutfi Andi Hamid, SE, MM"
942,"Rusmin Abdul Gani, SE",H. Muhlis M. SE,"info pasangan calon Rusmin Abdul Gani, SE H. Muhlis M. SE"
943,"H. Surunuddin Dangga, ST, MM","Dr. H. Arsalim, SE., M.Si","info pasangan calon H. Surunuddin Dangga, ST, MM Dr. H. Arsalim, SE., M.Si"
226,"Muhammad Endang SA, S.Sos",Ir. H. Muh. Nurfa Thalib,"info pasangan calon Muhammad Endang SA, S.Sos Ir. H. Muh. Nurfa Thalib"
407,"H. ASNAWI SYUKUR TOHALU. S.Sos.,MM","Drs.H. A. RUSTAM TAMBURAKA, M.Si","info pasangan calon H. ASNAWI SYUKUR TOHALU. S.Sos.,MM Drs.H. A. RUSTAM TAMBURAKA, M.Si"
963,"Drs. H. ASWAD SULAIMAN P, M.Si","H. ABU HAERA, S.Sos, M.Si","info pasangan calon Drs. H. ASWAD SULAIMAN P, M.Si H. ABU HAERA, S.Sos, M.Si"
969,"IR. RUKSAMIN, M.Si","RAUP, S.Ag","info pasangan calon IR. RUKSAMIN, M.Si RAUP, S.Ag"
978,"ANWAR, S.Sos","H. ABDUL RAZAK NABA, SH","info pasangan calon ANWAR, S.Sos H. ABDUL RAZAK NABA, SH"
125,"H. ALPIDRI SUPIAN NOOR, SE","IR. H. GT. SYAFRIN MASRIN, MApp, Sc","info pasangan calon H. ALPIDRI SUPIAN NOOR, SE IR. H. GT. SYAFRIN MASRIN, MApp, Sc"
720,"H. RUDI SURYANA S.Sos., MM.Pd","M. REZKI OKTAVIANOOR, S.Sos., M.Si","info pasangan calon H. RUDI SURYANA S.Sos., MM.Pd M. REZKI OKTAVIANOOR, S.Sos., M.Si"
130,"H. M. IQBAL YUDIANNOOR, SE","H. SAHIDUDDIN, S.Ag, MAP","info pasangan calon H. M. IQBAL YUDIANNOOR, SE H. SAHIDUDDIN, S.Ag, MAP"
131,"MUHAMAD ALAMSYAH, ST, M.AP",H. RISDIANTO HALENG. HB,"info pasangan calon MUHAMAD ALAMSYAH, ST, M.AP H. RISDIANTO HALENG. HB"
445,"H. IRHAMI RIDJANI, S.Sos., M.Si",IR. H. SYAMSUL ALAM AZHAR,"info pasangan calon H. IRHAMI RIDJANI, S.Sos., M.Si IR. H. SYAMSUL ALAM AZHAR"
1251,SAYED JAFAR ALAYDRUS,BURHANUDDIN,info pasangan calon SAYED JAFAR ALAYDRUS BURHANUDDIN
725,"SUPIAN HADI, S.Ikom",Drs.H.M.TAUFIQ MUKRI,"info pasangan calon SUPIAN HADI, S.Ikom Drs.H.M.TAUFIQ MUKRI"
730,MUHAMMAD ARSYAD,NADIANSYAH,info pasangan calon MUHAMMAD ARSYAD NADIANSYAH
733,DJUNAIDY DRAKERL,"HARYANTO, SH","info pasangan calon DJUNAIDY DRAKERL HARYANTO, SH"
330,Ir.H. Marjan Ustha,"Muslim, S.Sos.","info pasangan calon Ir.H. Marjan Ustha Muslim, S.Sos."
402,"Indra Putra, ST","Komperensi, SP,M.Si","info pasangan calon Indra Putra, ST Komperensi, SP,M.Si"
774,"Drs.H.Mursini,M.Si",H.Halim,"info pasangan calon Drs.H.Mursini,M.Si H.Halim"
623,"FX. YAPAN, SH","H. EDYANTO ARKAN, SE","info pasangan calon FX. YAPAN, SH H. EDYANTO ARKAN, SE"
936,Ir. Rama Alexander Asia,"Mohammad Djailani, SE","info pasangan calon Ir. Rama Alexander Asia Mohammad Djailani, SE"
60,"Drs. Abed Nego, MA","SYAPARUDIN, S.Sos","info pasangan calon Drs. Abed Nego, MA SYAPARUDIN, S.Sos"
61,"AMANTIUS UGAU, SE, MM","MURI, SH","info pasangan calon AMANTIUS UGAU, SE, MM MURI, SH"
608,"Hj. Norbaiti, A.Md",Ir. Oerdiansyah,"info pasangan calon Hj. Norbaiti, A.Md Ir. Oerdiansyah"
545,"Ir. H. Ismunandar, MT","Kasmidi Bulang, ST, MM","info pasangan calon Ir. H. Ismunandar, MT Kasmidi Bulang, ST, MM"
606,"Drs. H. Ardiansyah Sulaiman, M.Si",Alfian Aswad,"info pasangan calon Drs. H. Ardiansyah Sulaiman, M.Si Alfian Aswad"
568,"H. Pangonal, SE, M.SI","Andi Suhaimi Dalimunthe, ST, MT","info pasangan calon H. Pangonal, SE, M.SI Andi Suhaimi Dalimunthe, ST, MT"
928,Dr. Ir. H. Zainal Arifin Dalimunthe,"Wira Abdi, S.SI, MSP","info pasangan calon Dr. Ir. H. Zainal Arifin Dalimunthe Wira Abdi, S.SI, MSP"
929,"Mahini Rizal, ST.",Waluyo,"info pasangan calon Mahini Rizal, ST. Waluyo"
52,"DR. H. TIGOR PANUSUNAN SIREGAR, SP.PD",DR. H. ERIK ADTRADA RITONGA,"info pasangan calon DR. H. TIGOR PANUSUNAN SIREGAR, SP.PD DR. H. ERIK ADTRADA RITONGA"
57,"SUHARI, S.IP","IHSAN RAMBE, SE, M.SI","info pasangan calon SUHARI, S.IP IHSAN RAMBE, SE, M.SI"
41,BASYARUDDIN SIREGAR,"YUSPIN, SH","info pasangan calon BASYARUDDIN SIREGAR YUSPIN, SH"
543,"H. WILDAN ASWAN TANJUNG, SH, MM",Kholil Jufri Harahap,"info pasangan calon H. WILDAN ASWAN TANJUNG, SH, MM Kholil Jufri Harahap"
959,"H. Usman, SE.M.Si.",Arwi Winata,"info pasangan calon H. Usman, SE.M.Si. Arwi Winata"
940,"H. KHARUDDIN SYAH, SE ALIAS H.BUYUNG",DWI PRANTARA,"info pasangan calon H. KHARUDDIN SYAH, SE ALIAS H.BUYUNG DWI PRANTARA"
47,H. ALI WANSAH,Drs. H. DARWANSYAH,info pasangan calon H. ALI WANSAH Drs. H. DARWANSYAH
541,"H. MINAN PASARIBU, SH, MM",Ir. H. YUSRIAL SUPRIANTO,"info pasangan calon H. MINAN PASARIBU, SH, MM Ir. H. YUSRIAL SUPRIANTO"
1055,H. MUJIANTO,"SUEB, S.Pd., MM","info pasangan calon H. MUJIANTO SUEB, S.Pd., MM"
1057,"H. NURSALIM, Amd.RO","H. EDY WIJAYA, SE","info pasangan calon H. NURSALIM, Amd.RO H. EDY WIJAYA, SE"
1043,"H. FADELI, SH., MM.","Dra. Hj. KARTIKA HIDAYATI, MM., MHP","info pasangan calon H. FADELI, SH., MM. Dra. Hj. KARTIKA HIDAYATI, MM., MHP"
1195,"M. SHOLEH BAJURI, S.Hi,M.Hi",AHMAD NGADELAN JAWAWI,"info pasangan calon M. SHOLEH BAJURI, S.Hi,M.Hi AHMAD NGADELAN JAWAWI"
601,"DR. H. Zainudin Hasan, MHum",Nanang Ermanto,"info pasangan calon DR. H. Zainudin Hasan, MHum Nanang Ermanto"
602,"HI. RYCKO MENOZA SZP, SE., SH., MBA","H. EKI SETYANTO,SE","info pasangan calon HI. RYCKO MENOZA SZP, SE., SH., MBA H. EKI SETYANTO,SE"
252,SAMIDJO,FATONI,info pasangan calon SAMIDJO FATONI
594,"DR. IR. H. MUSTAFA, M.H.",LOEKMAN DJOYOSOEMARTO,"info pasangan calon DR. IR. H. MUSTAFA, M.H. LOEKMAN DJOYOSOEMARTO"
10,"MUDIYANTO THOYIB, B.A","MUSA AHMAD, S.Sos","info pasangan calon MUDIYANTO THOYIB, B.A MUSA AHMAD, S.Sos"
599,"H. GUNADI IBRAHIM, S.E.",K.H. IMAM SUHADI,"info pasangan calon H. GUNADI IBRAHIM, S.E. K.H. IMAM SUHADI"
932,Chusnunia Chalim,Zaiful Bukhori,info pasangan calon Chusnunia Chalim Zaiful Bukhori
933,Erwin Arifin,Priyo Budi Utomo,info pasangan calon Erwin Arifin Priyo Budi Utomo
939,Yusron Amirullah,Sudarsono,info pasangan calon Yusron Amirullah Sudarsono
665,"H. ROSJONSYAH, SIP, M.Si","WAWAN FERNANDEZ, SH, MKN","info pasangan calon H. ROSJONSYAH, SIP, M.Si WAWAN FERNANDEZ, SH, MKN"
670,"Hj. LENI HARYATI JOHN LATIEF, SE, M.Si",H.R. ARIO BIMO SUROJO,"info pasangan calon Hj. LENI HARYATI JOHN LATIEF, SE, M.Si H.R. ARIO BIMO SUROJO"
142,"MASROPENIRYADI, SE, M.Si","DERI JATI PRASETIO, SH","info pasangan calon MASROPENIRYADI, SE, M.Si DERI JATI PRASETIO, SH"
147,"WILYAN BACHTIAR, SIP",ARPAN FARUK,"info pasangan calon WILYAN BACHTIAR, SIP ARPAN FARUK"
695,KOPLI ANSORI,ERLAN JONI,info pasangan calon KOPLI ANSORI ERLAN JONI
66,"H. RIFA YENDI, SH","ZULHIKMI,SPd","info pasangan calon H. RIFA YENDI, SH ZULHIKMI,SPd"
787,"IR. IRFENDI ARBI, MP","FERIZAL RIDWAN,S.SOS","info pasangan calon IR. IRFENDI ARBI, MP FERIZAL RIDWAN,S.SOS"
559,"DRS.H.ASYIRWAN YUNUS, M.SI","H. ILSON CONG,SE","info pasangan calon DRS.H.ASYIRWAN YUNUS, M.SI H. ILSON CONG,SE"
893,"H. AZWAR CHES PUTRA, SE",IR. YUNIRWAN KHATIB,"info pasangan calon H. AZWAR CHES PUTRA, SE IR. YUNIRWAN KHATIB"
820,Harlianto S.kom,Al Ghazali AW.S.Ag,info pasangan calon Harlianto S.kom Al Ghazali AW.S.Ag
823,Mohd.Ikhsan Fansuri ST,H. Isnin SPd.MSi,info pasangan calon Mohd.Ikhsan Fansuri ST H. Isnin SPd.MSi
825,Usman Taufik,Hj. Siti Aisyah. SE,info pasangan calon Usman Taufik Hj. Siti Aisyah. SE
816,H. Alias Wello. S. IP,M.Nizar S. Sos,info pasangan calon H. Alias Wello. S. IP M.Nizar S. Sos
1215,H.SUHARTO,"HJ.LALE WIDARE, SH","info pasangan calon H.SUHARTO HJ.LALE WIDARE, SH"
984,"H. LALU WIRATMAJA, SH","Ns. H.BADRUN NADIANTO, S.Sos.S.Kep.M.Pd","info pasangan calon H. LALU WIRATMAJA, SH Ns. H.BADRUN NADIANTO, S.Sos.S.Kep.M.Pd"
310,"H.L. SUPRAYATNO, SH.MM","ZAENUL AIDI, S.P","info pasangan calon H.L. SUPRAYATNO, SH.MM ZAENUL AIDI, S.P"
311,"TGH. LALU GEDE M. ALI WIRASAKTI AMIR MURNI,LC.MA",H.L. AHMAD WIRAJAYA,"info pasangan calon TGH. LALU GEDE M. ALI WIRASAKTI AMIR MURNI,LC.MA H.L. AHMAD WIRAJAYA"
212,"H. MOH. SUHAILI FT, SH","LALU PATHUL BAHRI,S.IP","info pasangan calon H. MOH. SUHAILI FT, SH LALU PATHUL BAHRI,S.IP"
550,"Dr. H. NAJMUL AKHYAR, SH.,MH","SARIFUDIN, SH","info pasangan calon Dr. H. NAJMUL AKHYAR, SH.,MH SARIFUDIN, SH"
769,"H. DJOHAN SJAMSU, SH","MARIADI, S.Ag","info pasangan calon H. DJOHAN SJAMSU, SH MARIADI, S.Ag"
909,DR. H. Badaruddin A. Picunang,"Andi Baso Makmur, SE","info pasangan calon DR. H. Badaruddin A. Picunang Andi Baso Makmur, SE"
911,H. M. Nur Husain,Drs. Esra Lamban,info pasangan calon H. M. Nur Husain Drs. Esra Lamban
732,Ir. M. Thorig Husler,Irwan Bahri Syam,info pasangan calon Ir. M. Thorig Husler Irwan Bahri Syam
667,"HJ. INDAH PUTRI INDRIANI, S.IP, M.SI","MUH.THAHAR RUM, SH","info pasangan calon HJ. INDAH PUTRI INDRIANI, S.IP, M.SI MUH.THAHAR RUM, SH"
410,DRS. H. ARIFIN JUNAIDI,"ANDI. ABDULLAH RAHIM, ST","info pasangan calon DRS. H. ARIFIN JUNAIDI ANDI. ABDULLAH RAHIM, ST"
187,DRS. STANISLAUS LIAH,"KILA ULEE HERMAN, SE., M.Si","info pasangan calon DRS. STANISLAUS LIAH KILA ULEE HERMAN, SE., M.Si"
584,"BONIFASIUS BELAWAN GEH, SE.",DRS. Y. JUAN JENAU,"info pasangan calon BONIFASIUS BELAWAN GEH, SE. DRS. Y. JUAN JENAU"
586,"MS. RUSLAN, SH., MH., M.Si","DRS. VALENTINUS TINGANG, MM.","info pasangan calon MS. RUSLAN, SH., MH., M.Si DRS. VALENTINUS TINGANG, MM."
647,"Drs. H.Fahmi Massiara, MH","Lukman, S.Pd.,M.Pd","info pasangan calon Drs. H.Fahmi Massiara, MH Lukman, S.Pd.,M.Pd"
649,"H. Arifin Nurdin, SE.,M.SAk","Andi Irfan Sulaiman, SE.,M.Ap","info pasangan calon H. Arifin Nurdin, SE.,M.SAk Andi Irfan Sulaiman, SE.,M.Ap"
651,"DRS.H.Rizal Sirajuddin,M.Si","DR.Mulyadi Bintaha, S.Pd.,M.Pd","info pasangan calon DRS.H.Rizal Sirajuddin,M.Si DR.Mulyadi Bintaha, S.Pd.,M.Pd"
868,dr. Stefanus Bria Seran MPH,Drs. Daniel Asa,info pasangan calon dr. Stefanus Bria Seran MPH Drs. Daniel Asa
874,"Taolin Ludovikus, BA","Benny Chandradinata, SE","info pasangan calon Taolin Ludovikus, BA Benny Chandradinata, SE"
876,"Agustinus Klaran, ST","Paulus Seran Bauk, SH","info pasangan calon Agustinus Klaran, ST Paulus Seran Bauk, SH"
455,H. RENDRA KRESNA,H.M. SANUSI,info pasangan calon H. RENDRA KRESNA H.M. SANUSI
611,"Dra. Hj. DEWANTI RUMPOKO, M.Si","Dra. Hj. MASRIFAH HADI, M.Pd","info pasangan calon Dra. Hj. DEWANTI RUMPOKO, M.Si Dra. Hj. MASRIFAH HADI, M.Pd"
70,NURCHOLIS,MUHAMMAD MUFIDZ,info pasangan calon NURCHOLIS MUHAMMAD MUFIDZ
531,"Pdt. MARTIN LABO, M.Th, M.Si","H DATU MUHAMMAD NASIR, SH","info pasangan calon Pdt. MARTIN LABO, M.Th, M.Si H DATU MUHAMMAD NASIR, SH"
957,"Dr. Yansen Tp, M.Si","Topan Amrullah, S.Pd, M.Si","info pasangan calon Dr. Yansen Tp, M.Si Topan Amrullah, S.Pd, M.Si"
1109,Nikolas Johan KiliKily S.Th,Drs.Johannis Hendrik Frans,info pasangan calon Nikolas Johan KiliKily S.Th Drs.Johannis Hendrik Frans
439,Simon Moshe Maahury,"Kimdevits Berthi Marcus, SH","info pasangan calon Simon Moshe Maahury Kimdevits Berthi Marcus, SH"
1110,Drs. Barnabas Orno,Benyamin Thomas Noach. ST,info pasangan calon Drs. Barnabas Orno Benyamin Thomas Noach. ST
460,"DORINUS DASINAPA, A.Ks, S.Sos","YAKOBUS BRITAI, S.IP","info pasangan calon DORINUS DASINAPA, A.Ks, S.Sos YAKOBUS BRITAI, S.IP"
658,"ROBBY WILSON RUMANSARA, SP, MH","YAHYA FRUARO, SE","info pasangan calon ROBBY WILSON RUMANSARA, SP, MH YAHYA FRUARO, SE"
660,"DEMIANUS KYEUW-KYEUW, SH, MH","ADIRYANUS MANEMI, SKM, MPH","info pasangan calon DEMIANUS KYEUW-KYEUW, SH, MH ADIRYANUS MANEMI, SKM, MPH"
1028,"Drs. H. HABSI WAHID, MM","H. IRWAN SATYA PUTRA PABABARI, SH.,M.TP","info pasangan calon Drs. H. HABSI WAHID, MM H. IRWAN SATYA PUTRA PABABARI, SH.,M.TP"
1029,Ir. BUSTAMIN BAUSAT,"H. DAMRIS, S.Pd","info pasangan calon Ir. BUSTAMIN BAUSAT H. DAMRIS, S.Pd"
1030,"H. AHMAD, S.SOS","ABD. JAWAS GANI, SH.,MH","info pasangan calon H. AHMAD, S.SOS ABD. JAWAS GANI, SH.,MH"
885,HADERANA,MUHAMMAD AMIN SP,info pasangan calon HADERANA MUHAMMAD AMIN SP
886,H. ARAS T,DRS. MUH AMIN JASA. MM.,info pasangan calon H. ARAS T DRS. MUH AMIN JASA. MM.
879,"Muhammad Yusri M Nur, ST, M.Si",Drs. Amran S Nuhung,"info pasangan calon Muhammad Yusri M Nur, ST, M.Si Drs. Amran S Nuhung"
882,"Ir.H. AGUS AMBO DJIWA, MP",Drs.H. Muhammad Saal,"info pasangan calon Ir.H. AGUS AMBO DJIWA, MP Drs.H. Muhammad Saal"
282,"Drs. HM. Yusuf Nasution, Msi","HM. Imron Lubis, Spd,MM","info pasangan calon Drs. HM. Yusuf Nasution, Msi HM. Imron Lubis, Spd,MM"
974,Drs. H. Dahlan Hasan Nasution,Muhammad Ja'far Sukhairi Nasution,info pasangan calon Drs. H. Dahlan Hasan Nasution Muhammad Ja'far Sukhairi Nasution
1051,"Dr. DENO KAMELUS, SH. MH",Drs. VICTOR MADUR,"info pasangan calon Dr. DENO KAMELUS, SH. MH Drs. VICTOR MADUR"
1052,"HERYBERTUS GERADUS LAJU NABIT, SE.MA","ADOLFUS GABUR, B.Sc, S.Sos","info pasangan calon HERYBERTUS GERADUS LAJU NABIT, SE.MA ADOLFUS GABUR, B.Sc, S.Sos"
1077,"IR. PANTAS FERDINANDUS, M.SI",YOHANES DIONISIUS HAPAN,"info pasangan calon IR. PANTAS FERDINANDUS, M.SI YOHANES DIONISIUS HAPAN"
1078,"DRS. GASA MAXIMUS, M.SI","H. ABDUL ASIS, M.Pd.i","info pasangan calon DRS. GASA MAXIMUS, M.SI H. ABDUL ASIS, M.Pd.i"
1080,DRS. AGUSTINUS CH. DULA,"Drh. MARIA GEONG, Ph.D","info pasangan calon DRS. AGUSTINUS CH. DULA Drh. MARIA GEONG, Ph.D"
1084,"MATEUS HAMSI, S.Sos","Drs. PAUL SERAK BAUT, M.Si","info pasangan calon MATEUS HAMSI, S.Sos Drs. PAUL SERAK BAUT, M.Si"
1086,Drs. TOBIAS WANUS,FRANSISKUS SUKMANIARA,info pasangan calon Drs. TOBIAS WANUS FRANSISKUS SUKMANIARA
132,"SEPRIANUS ADOLF RUMPABE, SH.,MH","SALOMIE CHRISTINA SAWAY, SH","info pasangan calon SEPRIANUS ADOLF RUMPABE, SH.,MH SALOMIE CHRISTINA SAWAY, SH"
134,"Drs. BERNARD SEFNAT BONEFTAR, M.H","ANDARIAS WAN, SH","info pasangan calon Drs. BERNARD SEFNAT BONEFTAR, M.H ANDARIAS WAN, SH"
634,"Drs. BASTIAN SALABAI, S.Th, ma, M.Th",YUSAK KAMBUAYA,"info pasangan calon Drs. BASTIAN SALABAI, S.Th, ma, M.Th YUSAK KAMBUAYA"
1038,"DEMAS PAULUS MANDACAN, S.Sos., M.Cc.Dev",Drs. EDY BUDOYO,"info pasangan calon DEMAS PAULUS MANDACAN, S.Sos., M.Cc.Dev Drs. EDY BUDOYO"
1149,"David Towan Siba, S.Sos, M.Si.","Maxi Ahoren, A.Md, KP, SE.","info pasangan calon David Towan Siba, S.Sos, M.Si. Maxi Ahoren, A.Md, KP, SE."
1148,"Markus Waran, ST.","Wempi Welly Rengkung, SE","info pasangan calon Markus Waran, ST. Wempi Welly Rengkung, SE"
375,"Ir. H. M. HATTA RAHMAN, MM","Drs. H. A. HARMIL MATTOTORANG, MM","info pasangan calon Ir. H. M. HATTA RAHMAN, MM Drs. H. A. HARMIL MATTOTORANG, MM"
1011,"H. A. HUSAIN RASUL, SH",SUDIRMAN,"info pasangan calon H. A. HUSAIN RASUL, SH SUDIRMAN"
1012,"Ir. H. MUH. IMRAN YUSUF, MM",H. M. SAID PATOMBONGI,"info pasangan calon Ir. H. MUH. IMRAN YUSUF, MM H. M. SAID PATOMBONGI"
903,"H. Firman Muntaco, SH, MH","Drs. John Murkanto Ajan, M.Si","info pasangan calon H. Firman Muntaco, SH, MH Drs. John Murkanto Ajan, M.Si"
477,"Panji, S.Sos","Dadi Sunarya Usfa Yursa, A.Md.","info pasangan calon Panji, S.Sos Dadi Sunarya Usfa Yursa, A.Md."
1016,"Drs. ROMANUS MBARAKA, MT","SUGIYANTO, SH, MM","info pasangan calon Drs. ROMANUS MBARAKA, MT SUGIYANTO, SH, MM"
1018,"FREDERIKUS GEBZE, SE, M.Si","SULARSO, SE","info pasangan calon FREDERIKUS GEBZE, SE, M.Si SULARSO, SE"
368,DRS.SOMPIE S.F. SINGAL,"DR. PEGGY MEKEL,SE,MA","info pasangan calon DRS.SOMPIE S.F. SINGAL DR. PEGGY MEKEL,SE,MA"
693,"PETRUS JOHANIS LUNTUNGAN,BA","DR. Ir. ADOLF LUCKY LONGDONG, M.Ed","info pasangan calon PETRUS JOHANIS LUNTUNGAN,BA DR. Ir. ADOLF LUCKY LONGDONG, M.Ed"
524,YULISA BARAMULI,PATRICE MARIO TAMENGKEL,info pasangan calon YULISA BARAMULI PATRICE MARIO TAMENGKEL
678,VONNIE ANNEKE PANAMBUNAN,IR. JOPPI LENGKONG,info pasangan calon VONNIE ANNEKE PANAMBUNAN IR. JOPPI LENGKONG
176,MISNAN,RAHMA SHOFIANA W.A,info pasangan calon MISNAN RAHMA SHOFIANA W.A
338,"H. MUSTOFA KAMAL FASA, SE","H. PUNGKASIADI, SH","info pasangan calon H. MUSTOFA KAMAL FASA, SE H. PUNGKASIADI, SH"
990,"Dra. Hj. CHOIRUN NISA, M. Pd","H. ARIFUDINSJAH, SH","info pasangan calon Dra. Hj. CHOIRUN NISA, M. Pd H. ARIFUDINSJAH, SH"
1073,"Idham Ibrahim, SE, M.SE","Heymans Larope, SE","info pasangan calon Idham Ibrahim, SE, M.SE Heymans Larope, SE"
1074,"Mahmud Ibrahim, S.Sos.,MM",Sanda Rinding,"info pasangan calon Mahmud Ibrahim, S.Sos.,MM Sanda Rinding"
1075,"Mardiman Sane, SH.,MH","Anhar, SK.,SH","info pasangan calon Mardiman Sane, SH.,MH Anhar, SK.,SH"
1072,"Ir. Artipel Tumimomor, MT",Moh. Asrar Abdul Samad,"info pasangan calon Ir. Artipel Tumimomor, MT Moh. Asrar Abdul Samad"
512,"Choirul Huda, SH","Haidir, S.IP","info pasangan calon Choirul Huda, SH Haidir, S.IP"
342,Wismen A. Razak,H. Bambang Afriadi,info pasangan calon Wismen A. Razak H. Bambang Afriadi
345,"Sapuan, SE., MM., Ak., CA","Dedy Kurniawan, S.Sos","info pasangan calon Sapuan, SE., MM., Ak., CA Dedy Kurniawan, S.Sos"
991,"H. La Ode Arwaha Ady Saputra, S.Sg, M.Si",Ir. La Ode Samuna,"info pasangan calon H. La Ode Arwaha Ady Saputra, S.Sg, M.Si Ir. La Ode Samuna"
341,Drs. AAP APTADI,Drs. H.DODO DJUANDA,info pasangan calon Drs. AAP APTADI Drs. H.DODO DJUANDA
307,"HJ. IRNA NARULITA, SE., MM.","H. TANTO WARSONO ARBAN, S.E., ME.","info pasangan calon HJ. IRNA NARULITA, SE., MM. H. TANTO WARSONO ARBAN, S.E., ME."
1150,JEJE WIRADINATA,H. ADANG HADARI,info pasangan calon JEJE WIRADINATA H. ADANG HADARI
1151,AZIZAH TALITA DEWI .S.Sos.MM,"SULAKSANA, ST.MT","info pasangan calon AZIZAH TALITA DEWI .S.Sos.MM SULAKSANA, ST.MT"
1152,INO DARSONO,dr.H. ERWIN M THAMRIN,info pasangan calon INO DARSONO dr.H. ERWIN M THAMRIN
685,"DRS. H. NUR ACHMAD AS, SH",DRS. HAPSUL W. HAFATTAH,"info pasangan calon DRS. H. NUR ACHMAD AS, SH DRS. HAPSUL W. HAFATTAH"
689,H. SANGKALA H. TAEPE,"A. M. ALI GAFFAR, SE","info pasangan calon H. SANGKALA H. TAEPE A. M. ALI GAFFAR, SE"
690,"H. SYAMSUDDIN A. HAMID, SE","H. SYAHBAN SAMMANA, SH","info pasangan calon H. SYAMSUDDIN A. HAMID, SE H. SYAHBAN SAMMANA, SH"
694,"Drs. H. ABD. RAHMAN ASSAGAF, M.I.Kom","Ir. H. KAMRUSSAMAD, M.Si","info pasangan calon Drs. H. ABD. RAHMAN ASSAGAF, M.I.Kom Ir. H. KAMRUSSAMAD, M.Si"
701,"H. BENNY UTAMA, SH, MM",DANIEL,"info pasangan calon H. BENNY UTAMA, SH, MM DANIEL"
393,"H. YUSUF LUBIS, SH, MSi","ATOS PRATAMA, A.Md","info pasangan calon H. YUSUF LUBIS, SH, MSi ATOS PRATAMA, A.Md"
1060,"ZULKENEDI SAID, S.Sos","H. RISNAWANTO, SE","info pasangan calon ZULKENEDI SAID, S.Sos H. RISNAWANTO, SE"
409,"Drs. H. SYAHIRAN, MM","YULIANTO, SH","info pasangan calon Drs. H. SYAHIRAN, MM YULIANTO, SH"
847,"H.HAMSUARDI, S.Ag","Drs. H. KARTUNI, MM","info pasangan calon H.HAMSUARDI, S.Ag Drs. H. KARTUNI, MM"
655,"Dr. H. YUSRIANSYAH SYARKAWI,M.Si","H.M. MARDIKANSYAH, SH.M.Ap","info pasangan calon Dr. H. YUSRIANSYAH SYARKAWI,M.Si H.M. MARDIKANSYAH, SH.M.Ap"
639,"Ir.H.Bambang Susilo, MM",Ir.H.Sulaiman Eva Meruk. M.Ap,"info pasangan calon Ir.H.Bambang Susilo, MM Ir.H.Sulaiman Eva Meruk. M.Ap"
1192,"Daud Indow, SH","Bob Tobias Retuadan, SH, MH","info pasangan calon Daud Indow, SH Bob Tobias Retuadan, SH, MH"
1070,"YOSIAS SAROY, SH, MH","MARINUS MANDACAN, SIP","info pasangan calon YOSIAS SAROY, SH, MH MARINUS MANDACAN, SIP"
578,"YAKOBUS WAYAM, S.IP, M.Si","MARDIN MANURUNG, SE, M.Si","info pasangan calon YAKOBUS WAYAM, S.IP, M.Si MARDIN MANURUNG, SE, M.Si"
951,"SELOTIUS TAPLO, S.Hi","RUMIN LEPITALEN, SH","info pasangan calon SELOTIUS TAPLO, S.Hi RUMIN LEPITALEN, SH"
956,"COSTAN OKTEMKA, SIP","DECKY DEAL, SIP","info pasangan calon COSTAN OKTEMKA, SIP DECKY DEAL, SIP"
958,"D. NIKOLAUS KAKYARMABIN, SIP.M.Si",TONCE NABYAL,"info pasangan calon D. NIKOLAUS KAKYARMABIN, SIP.M.Si TONCE NABYAL"
355,"H. Riswadi, SH",Hj. Nurbalistik,"info pasangan calon H. Riswadi, SH Hj. Nurbalistik"
709,"H. ASIP KHOLBIHI, SH.,M.Si",Ir. Hj. ARINI HARIMURTI,"info pasangan calon H. ASIP KHOLBIHI, SH.,M.Si Ir. Hj. ARINI HARIMURTI"
807,"H.JUNAEDI, SH.MM.",Drs. H. MARTONO,"info pasangan calon H.JUNAEDI, SH.MM. Drs. H. MARTONO"
781,"MUKHAMMAD ARIFIN, A.Md.Teks","ROMI INDIARTO, S.Pt","info pasangan calon MUKHAMMAD ARIFIN, A.Md.Teks ROMI INDIARTO, S.Pt"
565,"Ir. H. HERI AMALINDO, MM","FERDIAN ANDREAS LACONY, S. Kom., MM","info pasangan calon Ir. H. HERI AMALINDO, MM FERDIAN ANDREAS LACONY, S. Kom., MM"
567,"SUKARMAN, SH",ALMARIZAN,"info pasangan calon SUKARMAN, SH ALMARIZAN"
76,"ARIES SANDI DARMA PUTRA, S.H., M.H.",MAHMUD YUNUS,"info pasangan calon ARIES SANDI DARMA PUTRA, S.H., M.H. MAHMUD YUNUS"
1177,"FADHIL HAKIM YHS, BBA","ZAINAL ABIDIN, S.Pt.","info pasangan calon FADHIL HAKIM YHS, BBA ZAINAL ABIDIN, S.Pt."
992,"dr. H. LM. Baharuddin, M.Kes","H. La Pili, S.Pd.,","info pasangan calon dr. H. LM. Baharuddin, M.Kes H. La Pili, S.Pd.,"
994,"LM. Rusman Emba, ST","Ir. H. Abdul Malik Ditu, M.Si","info pasangan calon LM. Rusman Emba, ST Ir. H. Abdul Malik Ditu, M.Si"
384,"Ir.H. Hendra Gunawan, SH. MM","Hj. Suwarti, S.IP","info pasangan calon Ir.H. Hendra Gunawan, SH. MM Hj. Suwarti, S.IP"
385,Ir. Hj. Ratna Machmud,H. M. Zabur Nawawi,info pasangan calon Ir. Hj. Ratna Machmud H. M. Zabur Nawawi
1183,"H.Zulkarnain, SE","Hj. Ratnawati, SKM","info pasangan calon H.Zulkarnain, SE Hj. Ratnawati, SKM"
1082,"Drs. H.M SARIF HIDAYAT, MM",H. DEVI SUHARTONI,"info pasangan calon Drs. H.M SARIF HIDAYAT, MM H. DEVI SUHARTONI"
388,"KHAIRUL ALAMSYAH, SE","SITI NURIZKA PUTERI JAYA, SH. MH","info pasangan calon KHAIRUL ALAMSYAH, SE SITI NURIZKA PUTERI JAYA, SH. MH"
389,"Drs. H. AKISROPI AYUB, SH, M.Si","ANDI WIJAYA, SE","info pasangan calon Drs. H. AKISROPI AYUB, SH, M.Si ANDI WIJAYA, SE"
434,Piter Warobay,A. Sunaryo,info pasangan calon Piter Warobay A. Sunaryo
629,"DECKY KAYAME, SE",Drs. ADAUKTUS TAKERUBUN,"info pasangan calon DECKY KAYAME, SE Drs. ADAUKTUS TAKERUBUN"
1224,"Zonggonau A, AMDP, SP, MSi",Drs. Isak Mandosir,"info pasangan calon Zonggonau A, AMDP, SP, MSi Drs. Isak Mandosir"
1225,Hendrik Andoi,Stefanus Iyai,info pasangan calon Hendrik Andoi Stefanus Iyai
1227,"Yakob Panus Jingga, MT",Melki Sedek Fi,"info pasangan calon Yakob Panus Jingga, MT Melki Sedek Fi"
1228,"Isaias Douw,S.Sos","Amirullah Hasyim, MM","info pasangan calon Isaias Douw,S.Sos Amirullah Hasyim, MM"
1229,"Drs.Ayub Kayame, MA",H. Suwarno Majid,"info pasangan calon Drs.Ayub Kayame, MA H. Suwarno Majid"
184,DRS. H. Ilyas Sabli,Wan Aries Monandur,info pasangan calon DRS. H. Ilyas Sabli Wan Aries Monandur
425,"Imalko, S.Sos, MH","Mustamin Bakri, S.Sos, M.Si","info pasangan calon Imalko, S.Sos, MH Mustamin Bakri, S.Sos, M.Si"
427,Rodhial Huda,Rusdi,info pasangan calon Rodhial Huda Rusdi
428,Drs. H. Abdul Hamid Rizal,Dra. Hj. Ngesti Yuni Suprapti,info pasangan calon Drs. H. Abdul Hamid Rizal Dra. Hj. Ngesti Yuni Suprapti
291,Dedi Yanto,"DRS. M. Yunus,. DIPL. LING., M.SI","info pasangan calon Dedi Yanto DRS. M. Yunus,. DIPL. LING., M.SI"
684,"PAULINUS NO WATU, S.Sos","BERNADINUS DHEY NGEBU, SP","info pasangan calon PAULINUS NO WATU, S.Sos BERNADINUS DHEY NGEBU, SP"
669,"MARIANUS SAE, S.A.P",Drs. PAULUS SOLIWOA,"info pasangan calon MARIANUS SAE, S.A.P Drs. PAULUS SOLIWOA"
677,"KORNELIS SOI, SH",JOSEPH BEI,"info pasangan calon KORNELIS SOI, SH JOSEPH BEI"
301,Ir. H. Budi Sulistyono ALIAS KANANG,"Ony Anwar, S.T","info pasangan calon Ir. H. Budi Sulistyono ALIAS KANANG Ony Anwar, S.T"
362,"Drs. Agus Bandono, M.Hum","Drs. Adi Susila, M.Si","info pasangan calon Drs. Agus Bandono, M.Hum Drs. Adi Susila, M.Si"
46,"FAIGIA'ASA BAWAMENEWI, SH","DRS. BEZATULO GULO, B.Sc","info pasangan calon FAIGIA'ASA BAWAMENEWI, SH DRS. BEZATULO GULO, B.Sc"
539,"DRS. SOKHIATULO LAOLI, MM","AROSOKHI WARUWU, SH, MH","info pasangan calon DRS. SOKHIATULO LAOLI, MM AROSOKHI WARUWU, SH, MH"
540,"HAPPY PERSATUAN NDRAHA, A.MAK","BAZISOKHI LAIA, SE","info pasangan calon HAPPY PERSATUAN NDRAHA, A.MAK BAZISOKHI LAIA, SE"
357,"Adrianus Aroziduhu Gulo, SH.,MH","Oneyus Halawa, SE","info pasangan calon Adrianus Aroziduhu Gulo, SH.,MH Oneyus Halawa, SE"
840,"Faduhusi Daely, S.Pd",Khenoki Waruwu,"info pasangan calon Faduhusi Daely, S.Pd Khenoki Waruwu"
1178,"H. OKTA RIJAYA M, S.H.I.",SALAMU SOLIKHIN,"info pasangan calon H. OKTA RIJAYA M, S.H.I. SALAMU SOLIKHIN"
1180,"H. DENDI RAMADHONA, S.T.","ERIAWAN, S.H.","info pasangan calon H. DENDI RAMADHONA, S.T. ERIAWAN, S.H."
593,"KRT. OKING GANDA MIHARJA, SH","IRAWAN TOPANI, SH, M.Kn","info pasangan calon KRT. OKING GANDA MIHARJA, SH IRAWAN TOPANI, SH, M.Kn"
949,"DR. Drs. Agus Istiqlal, SH, MH","Erlina, SP, MH","info pasangan calon DR. Drs. Agus Istiqlal, SH, MH Erlina, SP, MH"
952,"Aria Lukita Budiwan, ST","Ir. Efan Tolani, M.Si","info pasangan calon Aria Lukita Budiwan, ST Ir. Efan Tolani, M.Si"
90,IR. H. JAMAL NASER,"H. SYAHRIAL, ST","info pasangan calon IR. H. JAMAL NASER H. SYAHRIAL, ST"
761,"H. Hendrajoni, SH, MH","Drs. Rusma Yul Anwar, M.Pd","info pasangan calon H. Hendrajoni, SH, MH Drs. Rusma Yul Anwar, M.Pd"
767,"Drs. Editiwarman, M.Si","Bakri Bakar, SH","info pasangan calon Drs. Editiwarman, M.Si Bakri Bakar, SH"
845,"H. Alirman Sori, SH, M.Hum, MM","H. Raswin, SH, MM","info pasangan calon H. Alirman Sori, SH, M.Hum, MM H. Raswin, SH, MM"
454,"Prof. DR. Misranto, S.H. M.Hum.","ISNEN SUPRIYONO, S.Pd., M.MPd.","info pasangan calon Prof. DR. Misranto, S.H. M.Hum. ISNEN SUPRIYONO, S.Pd., M.MPd."
418,Drs. H. Ipong Muchlissoni,"Drs. H. Soedjarno, MM","info pasangan calon Drs. H. Ipong Muchlissoni Drs. H. Soedjarno, MM"
420,"H. Amin, SH.","Agus Widodo, SE, M.Si","info pasangan calon H. Amin, SH. Agus Widodo, SE, M.Si"
411,Sugiri Sancoko,Sukirno,info pasangan calon Sugiri Sancoko Sukirno
1061,Ir. Wirabumi Kaluti,"Yohanis Krisnajaya Syaiban, S.I.P","info pasangan calon Ir. Wirabumi Kaluti Yohanis Krisnajaya Syaiban, S.I.P"
1064,"FRANY E. S DJARUU, SSI, M.Kes","H. ABD. GANI T. ISRAIL, S.Ag","info pasangan calon FRANY E. S DJARUU, SSI, M.Kes H. ABD. GANI T. ISRAIL, S.Ag"
1065,"Drs. AMDJAD LAWASA, MM","MAXNOVER KAIYA, S.Sos","info pasangan calon Drs. AMDJAD LAWASA, MM MAXNOVER KAIYA, S.Sos"
784,H. Zainal Mus,"Arifin H. Abd. Majid, SE, MT","info pasangan calon H. Zainal Mus Arifin H. Abd. Majid, SE, MT"
793,"Aliong Mus, ST",Ramli,"info pasangan calon Aliong Mus, ST Ramli"
897,"H. TASDI, SH,MM","DYAH HAYUNING PRATIWI, SE, B.ECON","info pasangan calon H. TASDI, SH,MM DYAH HAYUNING PRATIWI, SE, B.ECON"
1207,"SUGENG, SH","SUTJIPTO, SH","info pasangan calon SUGENG, SH SUTJIPTO, SH"
919,"Hj. NURUL TRIWAHYUNI, SE","H. BUDI SUNARYO, A.Md","info pasangan calon Hj. NURUL TRIWAHYUNI, SE H. BUDI SUNARYO, A.Md"
921,"AGUS BASTIAN, SE., MM","YULI HASTUTI, SH","info pasangan calon AGUS BASTIAN, SE., MM YULI HASTUTI, SH"
917,Ir. H. HAMDAN AZHARI,SUHAR,info pasangan calon Ir. H. HAMDAN AZHARI SUHAR
721,"ABDUL FARIS UMLATI, SE.","MANUEL PITER URBINAS, S.Pi., M.Si.","info pasangan calon ABDUL FARIS UMLATI, SE. MANUEL PITER URBINAS, S.Pi., M.Si."
136,"WILLEM MAMBRASAR, S.Sos., MM.",Hi. MOH. NASIB BARIA,"info pasangan calon WILLEM MAMBRASAR, S.Sos., MM. Hi. MOH. NASIB BARIA"
1113,"DR. ARTEMAS MAMBRISAUW, S.Sos., M.Si","MUHAMMAD JUFRI MACAP, S.Pt, M.Si","info pasangan calon DR. ARTEMAS MAMBRISAUW, S.Sos., M.Si MUHAMMAD JUFRI MACAP, S.Pt, M.Si"
1114,"Drs. FERDINAND DIMARA, M.Si.",ABUSALEH ALQADRI,"info pasangan calon Drs. FERDINAND DIMARA, M.Si. ABUSALEH ALQADRI"
1128,ANOM CHAN,JONI,info pasangan calon ANOM CHAN JONI
296,"IR. ALRULLAH JAMBAK, MM","HERI PURWANTO, SH","info pasangan calon IR. ALRULLAH JAMBAK, MM HERI PURWANTO, SH"
1130,"JHON FERIANTO, S.SOS. MM","BAMBANG H, AP. MM","info pasangan calon JHON FERIANTO, S.SOS. MM BAMBANG H, AP. MM"
1035,"DR. HILARIUS DUHA, SH.,MH",SOZANOLO NDRURU,"info pasangan calon DR. HILARIUS DUHA, SH.,MH SOZANOLO NDRURU"
1036,"LIANUS NDRURU, ST.,MM","THOMAS DACHI, SH","info pasangan calon LIANUS NDRURU, ST.,MM THOMAS DACHI, SH"
463,Idealisman Dachi,Siotaraizokho Gaho,info pasangan calon Idealisman Dachi Siotaraizokho Gaho
838,MARTINUS ZEGA,"WINARSO HULU, SE","info pasangan calon MARTINUS ZEGA WINARSO HULU, SE"
839,EDWARD ZEGA,"YOSTINUS HULU, SE","info pasangan calon EDWARD ZEGA YOSTINUS HULU, SE"
844,"MARSELINUS INGATI NAZARA, A.Md","HAOGOSOCHI HULU, SE, MM","info pasangan calon MARSELINUS INGATI NAZARA, A.Md HAOGOSOCHI HULU, SE, MM"
474,"MASHUR, MA",SELUTAN TADEM,"info pasangan calon MASHUR, MA SELUTAN TADEM"
648,Hj. Asmah Gani,H. Andi Kasim,info pasangan calon Hj. Asmah Gani H. Andi Kasim
635,"H. Basri, S Sos, M. Si","Pdt. Yepta Berto, S. Th","info pasangan calon H. Basri, S Sos, M. Si Pdt. Yepta Berto, S. Th"
638,"Hj. Asmin Laura Hafid, SE, MM","Paridil, SE, ST","info pasangan calon Hj. Asmin Laura Hafid, SE, MM Paridil, SE, ST"
383,AW Nofiadi,AM Ilyas Panji Alam,info pasangan calon AW Nofiadi AM Ilyas Panji Alam
277,H. Sobli Rozali,"Prof. Dr. Taufik Toha, DEA","info pasangan calon H. Sobli Rozali Prof. Dr. Taufik Toha, DEA"
993,H. Helmi Yahya,H. Muchendi Mahzareki SE,info pasangan calon H. Helmi Yahya H. Muchendi Mahzareki SE
988,Kuryana Aziz,Johan Anuar,info pasangan calon Kuryana Aziz Johan Anuar
466,Hj. Percha Leanpuri,M. Nasir Agun,info pasangan calon Hj. Percha Leanpuri M. Nasir Agun
788,"H.A. WAHAB NAWAWI, S.Sos, MM","dr. Hj. HERAWATI GATOT, S.pM","info pasangan calon H.A. WAHAB NAWAWI, S.Sos, MM dr. Hj. HERAWATI GATOT, S.pM"
796,"POPO ALI. M, B.Commerce","SHOLEHIEN ABUASIR, S.P, M.Si","info pasangan calon POPO ALI. M, B.Commerce SHOLEHIEN ABUASIR, S.P, M.Si"
1231,"JUANDA, SE., MM","Ir. H. DIDI APRIADI, M. Ak","info pasangan calon JUANDA, SE., MM Ir. H. DIDI APRIADI, M. Ak"
518,"EDWAR JAYA, SH","H. SUGENG SUPRIYANTO, SP, MM","info pasangan calon EDWAR JAYA, SH H. SUGENG SUPRIYANTO, SP, MM"
782,H. M. KHOLID MD,"FERY ANTONI, SE","info pasangan calon H. M. KHOLID MD FERY ANTONI, SE"
306,"Drs. H. Indartato, MM",Drs. H. Yudi Sumbogo,"info pasangan calon Drs. H. Indartato, MM Drs. H. Yudi Sumbogo"
1237,"Drs. BAMBANG SUSANTO, S.Pd, SE, MM","Hj. SRI RETNO DHEWANTI, A.Md","info pasangan calon Drs. BAMBANG SUSANTO, S.Pd, SE, MM Hj. SRI RETNO DHEWANTI, A.Md"
776,ALFIKRI MUKHLIS,YULIUS DANIL,info pasangan calon ALFIKRI MUKHLIS YULIUS DANIL
916,Drs. H. ALI MUKHNI,"SUHATRI BUR, SE, MM","info pasangan calon Drs. H. ALI MUKHNI SUHATRI BUR, SE, MM"
833,Mulyadi Panigoro,Sarwan La Duhu,info pasangan calon Mulyadi Panigoro Sarwan La Duhu
836,"Syarif Mbuinga, S.Pd., SE, MM",Drs. Amin Haras,"info pasangan calon Syarif Mbuinga, S.Pd., SE, MM Drs. Amin Haras"
15,"Ir. August P. Tumanggor, MT","H. Abdul Kadir Angkat, SH","info pasangan calon Ir. August P. Tumanggor, MT H. Abdul Kadir Angkat, SH"
1089,"Remigo Yolando Berutu, MBA",Ir. H. MAJU ILYAS PADANG,"info pasangan calon Remigo Yolando Berutu, MBA Ir. H. MAJU ILYAS PADANG"
1091,Jujur Solin,Citra Boangmanalu,info pasangan calon Jujur Solin Citra Boangmanalu
304,HJ. RATU SITI ROMLAH,YAN RIADI,info pasangan calon HJ. RATU SITI ROMLAH YAN RIADI
1136,"TUGIMAN, ST. M.PD",DRS SUDIRMAN,"info pasangan calon TUGIMAN, ST. M.PD DRS SUDIRMAN"
525,"DR.HC H. AHMAD HIJAZI, SH. MSI","IQBAL BASTARI, S.PD, MM","info pasangan calon DR.HC H. AHMAD HIJAZI, SH. MSI IQBAL BASTARI, S.PD, MM"
526,"DRS. SYAMSUL EFFENDI, MM","ADNAN, S.SOS","info pasangan calon DRS. SYAMSUL EFFENDI, MM ADNAN, S.SOS"
1127,"FATROLAZI, SE",DRA. H. NURUL KHAIRIYAH,"info pasangan calon FATROLAZI, SE DRA. H. NURUL KHAIRIYAH"
762,H. ABDUL HAFIDZ,"BAYU ANDRIYANTO, S.E.","info pasangan calon H. ABDUL HAFIDZ BAYU ANDRIYANTO, S.E."
792,"H. SUNARTO, S.Hut","KUNTUM KHAIRU BASA, SEI","info pasangan calon H. SUNARTO, S.Hut KUNTUM KHAIRU BASA, SEI"
780,"H. HAMZAH FATONI, S.H.,M.Kn","RIDWAN, S.H.,M.H","info pasangan calon H. HAMZAH FATONI, S.H.,M.Kn RIDWAN, S.H.,M.H"
894,"IR. THOBIAS ULY, M.SI","Jusuf Domingus Lado, SE., MM","info pasangan calon IR. THOBIAS ULY, M.SI Jusuf Domingus Lado, SE., MM"
29,Ir. MARTEN L. DIRA TOME,"Drs. NIKODEMUS N. RIHI HEKE, M.Si","info pasangan calon Ir. MARTEN L. DIRA TOME Drs. NIKODEMUS N. RIHI HEKE, M.Si"
31,"KIRENIUSN BULI, BA. SH","YUSUF A. ALBONEH, SH","info pasangan calon KIRENIUSN BULI, BA. SH YUSUF A. ALBONEH, SH"
783,"H. Atbah Romin Suhaili, Lc","Hj. Hairiah, S.H., M.H.","info pasangan calon H. Atbah Romin Suhaili, Lc Hj. Hairiah, S.H., M.H."
785,"dr. Hj. Juliarti Djuhardi Alwi, MPH.","Ir. H. Hasanusi, M.M.","info pasangan calon dr. Hj. Juliarti Djuhardi Alwi, MPH. Ir. H. Hasanusi, M.M."
283,"Tonny Kurniadi, St, Msi","Hj. Eka Nurhayati, SE","info pasangan calon Tonny Kurniadi, St, Msi Hj. Eka Nurhayati, SE"
435,"Drs.Raun Sitanggang,MM",Ir. Pardamen Gultom,"info pasangan calon Drs.Raun Sitanggang,MM Ir. Pardamen Gultom"
538,"Drs. Rapidin Simbolon, MM",Ir. Juang Sinaga,"info pasangan calon Drs. Rapidin Simbolon, MM Ir. Juang Sinaga"
1020,Ir. Hatorangan Simarmata,"Oloan Simbolon, ST","info pasangan calon Ir. Hatorangan Simarmata Oloan Simbolon, ST"
1021,Ir. Alusdin Sinaga,"Ober Sihol P. Sagala,SE,MM","info pasangan calon Ir. Alusdin Sinaga Ober Sihol P. Sagala,SE,MM"
459,"Rupinus, SH., M.Si.","Aloysius, SH., M.Si","info pasangan calon Rupinus, SH., M.Si. Aloysius, SH., M.Si"
789,"Simson, S.Km., M.Kes.","Drs. Paulus Subarno, M.Si.","info pasangan calon Simson, S.Km., M.Kes. Drs. Paulus Subarno, M.Si."
471,"H. Pensong, SE.,M.Si.",Cristian Amon,"info pasangan calon H. Pensong, SE.,M.Si. Cristian Amon"
528,Salehan,Evan Efrianto,info pasangan calon Salehan Evan Efrianto
1193,Herwan Efendi,"Wandi, S.Sos","info pasangan calon Herwan Efendi Wandi, S.Sos"
1194,"Mufran Imron, SE",Drs. Gustianto,"info pasangan calon Mufran Imron, SE Drs. Gustianto"
139,"Hj. Rosnaini Abidin, S.Sos","Yuliswan, S.H., M.H","info pasangan calon Hj. Rosnaini Abidin, S.Sos Yuliswan, S.H., M.H"
527,"H. Bundra Jaya, S.H., M.H","Drs. Suparto, M.Si","info pasangan calon H. Bundra Jaya, S.H., M.H Drs. Suparto, M.Si"
1129,NUR JATMIKO,"MAS'UD RIDWAN, SE","info pasangan calon NUR JATMIKO MAS'UD RIDWAN, SE"
1131,"dr. H.MUNDJIRIN ENGKUN SUPARMADIREDJO,Sp.OG","NGESTI NUGRAHA, SH","info pasangan calon dr. H.MUNDJIRIN ENGKUN SUPARMADIREDJO,Sp.OG NGESTI NUGRAHA, SH"
1111,Siti U Suruwaky,Syarifudin Goo,info pasangan calon Siti U Suruwaky Syarifudin Goo
453,Mukti Keliobas,Fahry Alkatiri,info pasangan calon Mukti Keliobas Fahry Alkatiri
1184,"Ahmad Syarif Madzkrullah, SH",Aef Saefullah,"info pasangan calon Ahmad Syarif Madzkrullah, SH Aef Saefullah"
713,"Hj. RATU TATU CHASANAH, SE, M. Ak","DRS. H.PANDJI TIRTAYASA, M. SI","info pasangan calon Hj. RATU TATU CHASANAH, SE, M. Ak DRS. H.PANDJI TIRTAYASA, M. SI"
352,Ir. H Soekirman,Darma Wijaya,info pasangan calon Ir. H Soekirman Darma Wijaya
680,"Drs. INDRA SYAHRIN, M.Si","SAFRUL HAYADI, SH","info pasangan calon Drs. INDRA SYAHRIN, M.Si SAFRUL HAYADI, SH"
346,"Syahrianto, SH",dr. M. Riski Ramadhan Hasibuan,"info pasangan calon Syahrianto, SH dr. M. Riski Ramadhan Hasibuan"
350,"Drs. H. Abdul Rahim, M.M, MSi",H. Ali Muhammad Madhy,"info pasangan calon Drs. H. Abdul Rahim, M.M, MSi H. Ali Muhammad Madhy"
443,H. UTSMAN IKHSAN,"IDA ASTUTI, S.H.","info pasangan calon H. UTSMAN IKHSAN IDA ASTUTI, S.H."
406,"H. MG. HADI SUTJIPTO, S.H., M.M.","H. ABDUL KOLIK, S.E.","info pasangan calon H. MG. HADI SUTJIPTO, S.H., M.M. H. ABDUL KOLIK, S.E."
433,"H. SAIFUL ILAH, S.H, M.Hum.","H. NUR AHMAD SYAIFUDDIN, S.H.","info pasangan calon H. SAIFUL ILAH, S.H, M.Hum. H. NUR AHMAD SYAIFUDDIN, S.H."
626,"WARIH ANDONO, S.H.","H. IMAM SUGIRI, ST, MM","info pasangan calon WARIH ANDONO, S.H. H. IMAM SUGIRI, ST, MM"
1049,"Drs. HUSEN HABIBU, M.Hi","Drs. ENOS PASAUA, M.M","info pasangan calon Drs. HUSEN HABIBU, M.Hi Drs. ENOS PASAUA, M.M"
1236,"H. MOHAMAD AGUS RAHMAT, S.P., MES",WARDHA,"info pasangan calon H. MOHAMAD AGUS RAHMAT, S.P., MES WARDHA"
1046,"NURZAIN DJAELANGKARA, S.H","AJUB WILLEM DARAWIA, S.T., M.T","info pasangan calon NURZAIN DJAELANGKARA, S.H AJUB WILLEM DARAWIA, S.T., M.T"
1048,"MOHAMAD IRWAN, S.Sos., M.Si","PAULINA, S.E., M.Si","info pasangan calon MOHAMAD IRWAN, S.Sos., M.Si PAULINA, S.E., M.Si"
896,"Drs. Muchlis Anwar, MSM","Maiyetrinaldi, S. IP","info pasangan calon Drs. Muchlis Anwar, MSM Maiyetrinaldi, S. IP"
898,Drs. H. Yuswir Arifin Datuak,"H. Arrival Boy, SH","info pasangan calon Drs. H. Yuswir Arifin Datuak H. Arrival Boy, SH"
900,"Ashelfine, SH, MH",H. Alpian Kasir,"info pasangan calon Ashelfine, SH, MH H. Alpian Kasir"
128,"EVRA SASSKY DAMANIK, S.Sos",SUGITO,"info pasangan calon EVRA SASSKY DAMANIK, S.Sos SUGITO"
1203,"Hj.NURIATY DAMANIK, SH",POSMAN PARLINDUNGAN SIMARMATA,"info pasangan calon Hj.NURIATY DAMANIK, SH POSMAN PARLINDUNGAN SIMARMATA"
1204,"TUMPAK SIREGAR, SH","IRWANSYAH DAMANIK, SE","info pasangan calon TUMPAK SIREGAR, SH IRWANSYAH DAMANIK, SE"
566,"Dr. Jopinus Ramli Saragih, SH, MM","Ir. Amran Sinaga, M.Si","info pasangan calon Dr. Jopinus Ramli Saragih, SH, MM Ir. Amran Sinaga, M.Si"
888,"Agrianus, S.Sos, M.Si",Muhammad Chomain Wahab,"info pasangan calon Agrianus, S.Sos, M.Si Muhammad Chomain Wahab"
892,"dr. Jarot Winarno, M.Med.PH","Drs. Askiman, MM","info pasangan calon dr. Jarot Winarno, M.Med.PH Drs. Askiman, MM"
472,"Drs. Ignasius Juan, MM","Drs.H. Senen Maryono, M.Si","info pasangan calon Drs. Ignasius Juan, MM Drs.H. Senen Maryono, M.Si"
759,"H. Dadang Wigiarto, SH","Ir. H. Yoyok Mulyadi, M.Si.","info pasangan calon H. Dadang Wigiarto, SH Ir. H. Yoyok Mulyadi, M.Si."
456,R. Abdullah Faqih Ghufron,H. Untung,info pasangan calon R. Abdullah Faqih Ghufron H. Untung
756,"KH. Abd. Hamid Wahid, M.Ag.","KH. Ach. Fadil Muzakki Syah, S.Pd.I","info pasangan calon KH. Abd. Hamid Wahid, M.Ag. KH. Ach. Fadil Muzakki Syah, S.Pd.I"
416,Yuni Satya Rahayu,Danang Wicaksana Sulistya,info pasangan calon Yuni Satya Rahayu Danang Wicaksana Sulistya
968,"Drs. Sri Purnomo, M.Si","Sri Muslimatun, M. Kes","info pasangan calon Drs. Sri Purnomo, M.Si Sri Muslimatun, M. Kes"
614,"Drs. H. DESRA EDIWAN ANANTANUR, MM","BACHTUL, ST","info pasangan calon Drs. H. DESRA EDIWAN ANANTANUR, MM BACHTUL, ST"
1121,"Agus Syahdeman, S.H.",Drs. Wahidup,"info pasangan calon Agus Syahdeman, S.H. Drs. Wahidup"
1039,"Drs. BERNADUS ALKHATIB IMBURI, M.Si","Dr. Drs. PAULUS YERMIAS INDUBRI, MM","info pasangan calon Drs. BERNADUS ALKHATIB IMBURI, M.Si Dr. Drs. PAULUS YERMIAS INDUBRI, MM"
1040,"Ir. HENDRIK SYAKE MAMBOR, MM",ADOLF VICTOR BETAY,"info pasangan calon Ir. HENDRIK SYAKE MAMBOR, MM ADOLF VICTOR BETAY"
337,Ir. DARWIN SIAGIAN,"Ir. HULMAN SITORUS, MMA","info pasangan calon Ir. DARWIN SIAGIAN Ir. HULMAN SITORUS, MMA"
728,"Ir. POLTAK SITORUS, M.Sc","ROBINSON TAMPUBOLON, SH","info pasangan calon Ir. POLTAK SITORUS, M.Sc ROBINSON TAMPUBOLON, SH"
1058,"BASRIN MOHAMMAD, SE.,M.Si","BAHRUN S. MARDANI, S.Sos","info pasangan calon BASRIN MOHAMMAD, SE.,M.Si BAHRUN S. MARDANI, S.Sos"
1063,Ir. SAMSULFIQAR TANJUMBULU,"MA'RUF ANSYAR, SH","info pasangan calon Ir. SAMSULFIQAR TANJUMBULU MA'RUF ANSYAR, SH"
1067,"MUHAMMAD SYARIF AL DJUFRY, SP","Dra. FATIMAH Hi. MOH. AMIN LASAWEDI, M.Si","info pasangan calon MUHAMMAD SYARIF AL DJUFRY, SP Dra. FATIMAH Hi. MOH. AMIN LASAWEDI, M.Si"
1069,"MOHAMMAD LAHAY, SE",ADMIN LASIMPALA,"info pasangan calon MOHAMMAD LAHAY, SE ADMIN LASIMPALA"
1071,"MAHMUD LAHAY, SE.,M.Si",LUCKY LASAHIDO,"info pasangan calon MAHMUD LAHAY, SE.,M.Si LUCKY LASAHIDO"
1081,AMRAN Hi. YAHYA,Drs. H. ZAINAL M. DAUD,info pasangan calon AMRAN Hi. YAHYA Drs. H. ZAINAL M. DAUD
1083,"H. MOH. SALEH BANTILAN, SH, MH",H. ABDUL RAHMAN HB,"info pasangan calon H. MOH. SALEH BANTILAN, SH, MH H. ABDUL RAHMAN HB"
1085,"H. ISKANDAR A. NASIR, SH, MM","Ir. H. NURDIN HK, SE, MM","info pasangan calon H. ISKANDAR A. NASIR, SH, MM Ir. H. NURDIN HK, SE, MM"
1087,"H. AZIZ BESTARI, ST. MM",Drs. SARPAN M. SAID,"info pasangan calon H. AZIZ BESTARI, ST. MM Drs. SARPAN M. SAID"
632,"DR. KALATIKU PAEMBONAN, M.Si.","YOSIA RINTO KADANG, ST.","info pasangan calon DR. KALATIKU PAEMBONAN, M.Si. YOSIA RINTO KADANG, ST."
706,"Drs. FREDERIK BATTI SORRING, S.Sos., MM.","FREDERIK BUNTANG ROMBELAYUK, S.Pd.","info pasangan calon Drs. FREDERIK BATTI SORRING, S.Sos., MM. FREDERIK BUNTANG ROMBELAYUK, S.Pd."
376,"Dr. Emil Elestianto, M.Sc",Mochamad Nur Arifin,"info pasangan calon Dr. Emil Elestianto, M.Sc Mochamad Nur Arifin"
214,"Kholiq, SH, M.Si","Priyo Handoko, SH","info pasangan calon Kholiq, SH, M.Si Priyo Handoko, SH"
656,H. FATHUL HUDA,"Ir. H. NOOR NAHAR HUSSEIN, M.Si","info pasangan calon H. FATHUL HUDA Ir. H. NOOR NAHAR HUSSEIN, M.Si"
605,"ZAKKY MAHBUB, S.H.I",Dra. DWI SUSIANTIN BUDIARTI,"info pasangan calon ZAKKY MAHBUB, S.H.I Dra. DWI SUSIANTIN BUDIARTI"
353,"H. Arhawi, SE","Ilmiati Daud, SE, M.Si","info pasangan calon H. Arhawi, SE Ilmiati Daud, SE, M.Si"
564,"Haliana, SE","Muhammad Syahwal, ST","info pasangan calon Haliana, SE Muhammad Syahwal, ST"
979,"OLLEN OSTAL DAIMBOA, S.Pd, MM","Drs. ZETH TANATI, MM","info pasangan calon OLLEN OSTAL DAIMBOA, S.Pd, MM Drs. ZETH TANATI, MM"
980,"YERMIAS BISAI, SH","HENDRIK WONATOREI, S.Sos","info pasangan calon YERMIAS BISAI, SH HENDRIK WONATOREI, S.Sos"
975,"PENEHAS HUGO TEBAI, S.Th","YANCE WUTOY, S.Th","info pasangan calon PENEHAS HUGO TEBAI, S.Th YANCE WUTOY, S.Th"
432,"Dr. Drs.Yesaya Buinei, MM","Ever Mudumi, S.Sos","info pasangan calon Dr. Drs.Yesaya Buinei, MM Ever Mudumi, S.Sos"
977,"YULIANA SEPHIA BORAY, S.Sos, MPH",YOSEPUS RUATAKUREI,"info pasangan calon YULIANA SEPHIA BORAY, S.Sos, MPH YOSEPUS RUATAKUREI"
572,"H. Raden Adipati Surya, SH., MM","DR. Drs. H. Edward Antony, MM","info pasangan calon H. Raden Adipati Surya, SH., MM DR. Drs. H. Edward Antony, MM"
603,"H. Bustami Zainudin, S.Pd., MH",Adinata,"info pasangan calon H. Bustami Zainudin, S.Pd., MH Adinata"
365,Joko Sutopo,"Edy Santosa, SH","info pasangan calon Joko Sutopo Edy Santosa, SH"
846,"Drs. H. Hamid Noor Yasin, MM","Wawan Setya Nugraha, S.Sos","info pasangan calon Drs. H. Hamid Noor Yasin, MM Wawan Setya Nugraha, S.Sos"
1122,"H. Gusmal, S.E, M.M","Yulfadri Nurdin, S.H","info pasangan calon H. Gusmal, S.E, M.M Yulfadri Nurdin, S.H"
891,H. KHAIRUNAS,"EDI SUSANTO, SE","info pasangan calon H. KHAIRUNAS EDI SUSANTO, SE"
293,MUZNI ZAKARIA,ABDUL RAHMAN,info pasangan calon MUZNI ZAKARIA ABDUL RAHMAN
657,Lutfi Halide,Andi Zulkarnaen Soetomo,info pasangan calon Lutfi Halide Andi Zulkarnaen Soetomo
248,Andi Kaswadi Razak,Supriansa,info pasangan calon Andi Kaswadi Razak Supriansa
1115,"Dortheis Sesa, S.E","Lukman Kasop, S.Sos","info pasangan calon Dortheis Sesa, S.E Lukman Kasop, S.Sos"
491,"SAMSUDIN ANGGILULI, S.E",Drs. MARTHINUS SALAMUK,"info pasangan calon SAMSUDIN ANGGILULI, S.E Drs. MARTHINUS SALAMUK"
232,dr. KUSDINAR UNTUNG YUNI SUKOWATI,DEDY ENDRIYATNO,info pasangan calon dr. KUSDINAR UNTUNG YUNI SUKOWATI DEDY ENDRIYATNO
347,H. SUGIYAMTO SH. MH,Drs. H. JOKO SAPTONO M.Si,info pasangan calon H. SUGIYAMTO SH. MH Drs. H. JOKO SAPTONO M.Si
622,IR. JAKA SUMANTA SE,SURO JOGO PBSH,info pasangan calon IR. JAKA SUMANTA SE SURO JOGO PBSH
641,AGUS FATCHUR RAHMAN SH. MH,"DJOKO SUPRAPTO, SE. MM","info pasangan calon AGUS FATCHUR RAHMAN SH. MH DJOKO SUPRAPTO, SE. MM"
612,"AKHMAD JAJULI, M.Pd.","IMAN ADINUGRAHA, SE, Akt.","info pasangan calon AKHMAD JAJULI, M.Pd. IMAN ADINUGRAHA, SE, Akt."
1197,"Drs. H. MARWAN HAMAMI, MM","DRS. H. ADJO SARDJONO, MM","info pasangan calon Drs. H. MARWAN HAMAMI, MM DRS. H. ADJO SARDJONO, MM"
595,TOTONG SUPARMAN,H. M. A. MURTHADO TAFRIHAN,info pasangan calon TOTONG SUPARMAN H. M. A. MURTHADO TAFRIHAN
702,"H. NURDIN, SH, MM","ANIS MUDHAKIR, S.IP","info pasangan calon H. NURDIN, SH, MM ANIS MUDHAKIR, S.IP"
596,"H. WARDOYO WIJAYA, SH, MH","PURWADI, SE, MM","info pasangan calon H. WARDOYO WIJAYA, SH, MH PURWADI, SE, MM"
1107,"Umbu Samapati, SH","Daniel Umbu, Dandar, SH.","info pasangan calon Umbu Samapati, SH Daniel Umbu, Dandar, SH."
1108,Drs. Agustinus Niga Dapawole,"Marten Ngailu Toni, SP.","info pasangan calon Drs. Agustinus Niga Dapawole Marten Ngailu Toni, SP."
201,"YOHANES DEDE, SH","DOMINIKUS BULU DAPA, A.Md","info pasangan calon YOHANES DEDE, SH DOMINIKUS BULU DAPA, A.Md"
202,"REKO DETA, S.Pem","YOHANES UMBU D KARIAM, S.H","info pasangan calon REKO DETA, S.Pem YOHANES UMBU D KARIAM, S.H"
1209,"KEDU LERE, SH",ALEXCANDER REDAMATA DAPAWOLE,"info pasangan calon KEDU LERE, SH ALEXCANDER REDAMATA DAPAWOLE"
1210,"Drs. Julianus Pote Leba, M.Si","Drs. Eduard Gana, M.Si","info pasangan calon Drs. Julianus Pote Leba, M.Si Drs. Eduard Gana, M.Si"
860,"Drs. GIDION MBILIJORA, M.Si","UMBU LILI PEKUWALI, ST., MT","info pasangan calon Drs. GIDION MBILIJORA, M.Si UMBU LILI PEKUWALI, ST., MT"
864,"dr. MATIUS KITU, Sp.B","Pdt. ABRAHAM LITINAU, S.Th","info pasangan calon dr. MATIUS KITU, Sp.B Pdt. ABRAHAM LITINAU, S.Th"
302,"H. M. HUSNI DJIBRIL, B.SC",Drs. H.MAHMUD ABDULLAH,"info pasangan calon H. M. HUSNI DJIBRIL, B.SC Drs. H.MAHMUD ABDULLAH"
1239,"JACK MORSA H. ABDULLAH, S.ADM","H. IRWAN RAHADI, ST","info pasangan calon JACK MORSA H. ABDULLAH, S.ADM H. IRWAN RAHADI, ST"
203,"H. ASAAT ABDULLAH, ST","CHANDRA WIJAYA RAYES, ST","info pasangan calon H. ASAAT ABDULLAH, ST CHANDRA WIJAYA RAYES, ST"
379,"DR. IR. W. MUSYAFIRIN, MM","FUD SYAIFUDDIN, ST","info pasangan calon DR. IR. W. MUSYAFIRIN, MM FUD SYAIFUDDIN, ST"
303,DRS. H. MALA RAHMAN,"IWAN PANJIDINATA, SE","info pasangan calon DRS. H. MALA RAHMAN IWAN PANJIDINATA, SE"
581,DRS. HM. NUR YASIN,MASRA JAYADI,info pasangan calon DRS. HM. NUR YASIN MASRA JAYADI
731,"IBNU SINA, S.Pi",HERMANSYAH,"info pasangan calon IBNU SINA, S.Pi HERMANSYAH"
734,ZULFADLI GAZALI,ZAINUDDIN DJAHRI,info pasangan calon ZULFADLI GAZALI ZAINUDDIN DJAHRI
830,"H. Muhammad Rudi,SE., MM","Amsakar Ahmad, S.Sos., M.Si","info pasangan calon H. Muhammad Rudi,SE., MM Amsakar Ahmad, S.Sos., M.Si"
442,"Ir. H. Ria Saptarika, M.Eng","Ir. H. Sulistyana, MT","info pasangan calon Ir. H. Ria Saptarika, M.Eng Ir. H. Sulistyana, MT"
515,H. Saleh Bangun,H. Dani Setiawan,info pasangan calon H. Saleh Bangun H. Dani Setiawan
516,"H. M. Idaham, SH., M.Si",Timbas Tarigan,"info pasangan calon H. M. Idaham, SH., M.Si Timbas Tarigan"
712,"Juliadi S.Pd, MM","Drs. Muhammad Tulen, M.AP","info pasangan calon Juliadi S.Pd, MM Drs. Muhammad Tulen, M.AP"
395,"MAXIMILIAAN JONAS LOMBAN., S.E, M.Si.",Ir. MAURITS MANTIRI,"info pasangan calon MAXIMILIAAN JONAS LOMBAN., S.E, M.Si. Ir. MAURITS MANTIRI"
560,"HENGKY HONANDAR, S.E.","FABIAN KALOH, S.I.P., M.Si.","info pasangan calon HENGKY HONANDAR, S.E. FABIAN KALOH, S.I.P., M.Si."
235,STEFANUS BONIFASIUS PASUMA,MARIO REVELINO KARUNDENG,info pasangan calon STEFANUS BONIFASIUS PASUMA MARIO REVELINO KARUNDENG
408,"ARYANTHI BARAMULI PUTRI, S.H., M.H.","SANTY GERALD LUNTUNGAN, S.T.","info pasangan calon ARYANTHI BARAMULI PUTRI, S.H., M.H. SANTY GERALD LUNTUNGAN, S.T."
155,"MICHAEL REMIZALDY JACOBUS, SH. MH","PAULUS IBRAHIM KUMENTAS, A.Md","info pasangan calon MICHAEL REMIZALDY JACOBUS, SH. MH PAULUS IBRAHIM KUMENTAS, A.Md"
158,"LINNA UTIARACHMAN, S.P.","PETRUS KAREL SINGALE, S.H.","info pasangan calon LINNA UTIARACHMAN, S.P. PETRUS KAREL SINGALE, S.H."
300,MUH. SAMANHUDI ANWAR,"Drs.H. SANTOSO., M.Pd","info pasangan calon MUH. SAMANHUDI ANWAR Drs.H. SANTOSO., M.Pd"
92,MOCHSIN,DWI SUMARDIANTO,info pasangan calon MOCHSIN DWI SUMARDIANTO
710,"dr. Hj. Neni Moerniaeni, Sp. OG",Basri Rase,"info pasangan calon dr. Hj. Neni Moerniaeni, Sp. OG Basri Rase"
697,"Ir. H. Adi Darma, M.Si","H. Isro Umarghani, S.IP","info pasangan calon Ir. H. Adi Darma, M.Si H. Isro Umarghani, S.IP"
904,TASLIM,MARFENDI,info pasangan calon TASLIM MARFENDI
905,"H. ISMET AMZIS, SH","DRS. H. ZULBAHRI MAJID, M.PD","info pasangan calon H. ISMET AMZIS, SH DRS. H. ZULBAHRI MAJID, M.PD"
78,MUHAMMAD RAMLAN NURMATIAS,IRWANDI,info pasangan calon MUHAMMAD RAMLAN NURMATIAS IRWANDI
910,"dr. H. HARMA ZALDI, Sp.B",Ir. Hj. RAHMI BRISMA,"info pasangan calon dr. H. HARMA ZALDI, Sp.B Ir. Hj. RAHMI BRISMA"
912,"H. FEBY Dt. BANGSO NAN PUTIAH, SST. PAR",ZUL IFKAR RAHIM,"info pasangan calon H. FEBY Dt. BANGSO NAN PUTIAH, SST. PAR ZUL IFKAR RAHIM"
391,"Dr. H. TUBAGUS IMAN ARIYADI, M.Si","Drs. H. EDI ARIADI, M.Si","info pasangan calon Dr. H. TUBAGUS IMAN ARIYADI, M.Si Drs. H. EDI ARIADI, M.Si"
37,H. SUDARMANA,"H. MARFI FAHZAN SINUNGAN, SH","info pasangan calon H. SUDARMANA H. MARFI FAHZAN SINUNGAN, SH"
438,"Dr. MOHAMMAD IDRIS, MA",PRADI SUPRIATNA,"info pasangan calon Dr. MOHAMMAD IDRIS, MA PRADI SUPRIATNA"
364,DIMAS OKY NUGROHO,"BABAI SUHAIMI, SE","info pasangan calon DIMAS OKY NUGROHO BABAI SUHAIMI, SE"
215,"Abdul Kasim, SH","Nuraini, SE","info pasangan calon Abdul Kasim, SH Nuraini, SE"
800,"DR. H. Muhammad Ikhsan, S.T, M.Sc","HJ. Yanti Komalasari, SE. MM","info pasangan calon DR. H. Muhammad Ikhsan, S.T, M.Sc HJ. Yanti Komalasari, SE. MM"
805,"dr. H. Agus Widayat, MM","Maman Sufriadi, SH, M.Si","info pasangan calon dr. H. Agus Widayat, MM Maman Sufriadi, SH, M.Si"
87,"AMRIS, S.SY",SAKTI,"info pasangan calon AMRIS, S.SY SAKTI"
700,"Dra. Hj. MAYA ROSIDA, M. M","EKO PRASETYO HERU WIBOWO, S. H","info pasangan calon Dra. Hj. MAYA ROSIDA, M. M EKO PRASETYO HERU WIBOWO, S. H"
174,H. M. SUHARDI,"JOKO WIYONO, SE","info pasangan calon H. M. SUHARDI JOKO WIYONO, SE"
704,"SARIF ABDILLAH, S. Pd. I","H. USUP SUMANANG, S. H., M. M","info pasangan calon SARIF ABDILLAH, S. Pd. I H. USUP SUMANANG, S. H., M. M"
899,"EKO PURNOMO, SE. M.M","Ir. H. AGUS SUBAGIYO, M. Si","info pasangan calon EKO PURNOMO, SE. M.M Ir. H. AGUS SUBAGIYO, M. Si"
580,"ABOCK BUSUP, MA","YULIANUS HELUKA, SH","info pasangan calon ABOCK BUSUP, MA YULIANUS HELUKA, SH"
582,ARKELAS ASSO,"LAPIUS MEREL SOLL, S.IP, M.Si","info pasangan calon ARKELAS ASSO LAPIUS MEREL SOLL, S.IP, M.Si"
1248,David Silak,Septinus Pahabol,info pasangan calon David Silak Septinus Pahabol
631,"LUTER WALILO, S.KEP, MM","BEAI ADOLF, SE","info pasangan calon LUTER WALILO, S.KEP, MM BEAI ADOLF, SE"
576,"DENNY FALUK, SE",YANLI C. KUMAYAS,"info pasangan calon DENNY FALUK, SE YANLI C. KUMAYAS"
637,"ER DABI, S.Sos","LAKIUS PEYON, SST.PAR","info pasangan calon ER DABI, S.Sos LAKIUS PEYON, SST.PAR"
110,H. MUHIDIN,H. GT. FARID HASAN AMAN,info pasangan calon H. MUHIDIN H. GT. FARID HASAN AMAN
315,"H. SAHBIRIN NOOR, S.Sos, MH",Drs.H.RUDY RESNAWAN,"info pasangan calon H. SAHBIRIN NOOR, S.Sos, MH Drs.H.RUDY RESNAWAN"
221,dr. H.M.ZAIRULLAH AZHAR,"DR.H.MUHAMMAD SYAFII, M.Si","info pasangan calon dr. H.M.ZAIRULLAH AZHAR DR.H.MUHAMMAD SYAFII, M.Si"
417,"DR. Ir. Willy Midel Yoseph, MM","Drs. H.M. Wahyudi K. Anwar, MM, MAP","info pasangan calon DR. Ir. Willy Midel Yoseph, MM Drs. H.M. Wahyudi K. Anwar, MM, MAP"
1156,H. Sugianto Sabran,Habib H. Said Ismail,info pasangan calon H. Sugianto Sabran Habib H. Said Ismail
414,"DR. H. Ujang Iskandar, ST, M.Si","H. Jawawi, SP., S.Hut., M.P","info pasangan calon DR. H. Ujang Iskandar, ST, M.Si H. Jawawi, SP., S.Hut., M.P"
305,dr. H. JUSUF SERANG KASIM,"Dr. Drs. MARTHIN BILLA, MM","info pasangan calon dr. H. JUSUF SERANG KASIM Dr. Drs. MARTHIN BILLA, MM"
394,"Dr. Ir. H. IRIANTO LAMBRIE, MM","H. UDIN HIANGGIO, B.Sc","info pasangan calon Dr. Ir. H. IRIANTO LAMBRIE, MM H. UDIN HIANGGIO, B.Sc"
727,Drs. H. Muhammad Sani,"DR. H. Nurdin Basirun S.Sos.,M.Si","info pasangan calon Drs. H. Muhammad Sani DR. H. Nurdin Basirun S.Sos.,M.Si"
413,"DR. HM. Soerya Respationo, SH. MH","Ansar Ahmad, SE. MM","info pasangan calon DR. HM. Soerya Respationo, SH. MH Ansar Ahmad, SE. MM"
671,"H. HERU BAMBANG, SE",SIRAJUDIN,"info pasangan calon H. HERU BAMBANG, SE SIRAJUDIN"
672,"ANDI BURHANUDDIN SOLONG, SE",ABDUL HAKIM RAUF,"info pasangan calon ANDI BURHANUDDIN SOLONG, SE ABDUL HAKIM RAUF"
371,"HM. RIZAL EFFENDI, SE",RAHMAD MAS'UD,"info pasangan calon HM. RIZAL EFFENDI, SE RAHMAD MAS'UD"
216,"H. Tobroni Harun, ST., MM.","Komaru Nizar, S.Ag.","info pasangan calon H. Tobroni Harun, ST., MM. Komaru Nizar, S.Ag."
377,"Drs. Herman HN, MM.","Muhammad Yusuf Kohar, SE., MM.","info pasangan calon Drs. Herman HN, MM. Muhammad Yusuf Kohar, SE., MM."
222,"Muhammad Yunus, SH.",Ahmad Muslimin,"info pasangan calon Muhammad Yunus, SH. Ahmad Muslimin"
770,RUZAIDINNOOR,FITRI ZAMZAM,info pasangan calon RUZAIDINNOOR FITRI ZAMZAM
366,"Joko Triono, SH",Ir. Soegeng Soesanto,"info pasangan calon Joko Triono, SH Ir. Soegeng Soesanto"
100,"Drs. H. NADJMI ADHANI, M.Si",DARMAWAN JAYA SETIAWAN,"info pasangan calon Drs. H. NADJMI ADHANI, M.Si DARMAWAN JAYA SETIAWAN"
39,Rojiansyah,Budiyono,info pasangan calon Rojiansyah Budiyono
610,"Dr. KH. A. Busyro Karim, M.Si",Achmad Fauzi,"info pasangan calon Dr. KH. A. Busyro Karim, M.Si Achmad Fauzi"
995,"Dr. Ir. H. Zainal Abidin, MM, ME","Hj. Dewi Khalifah, SH, MH","info pasangan calon Dr. Ir. H. Zainal Abidin, MM, ME Hj. Dewi Khalifah, SH, MH"
772,"MANDOSIR YUSTINUS, SE, M.Si","HUGO EFRAIM AIBEKOB, A.Md, TS","info pasangan calon MANDOSIR YUSTINUS, SE, M.Si HUGO EFRAIM AIBEKOB, A.Md, TS"
426,"Drs. Jules F. Warikar, MM","Onesias Rumere, S.Sos","info pasangan calon Drs. Jules F. Warikar, MM Onesias Rumere, S.Sos"
431,Drs. Yan Imbab,Dwi Saptawati Trikora Dewi,info pasangan calon Drs. Yan Imbab Dwi Saptawati Trikora Dewi
683,"Ni Putu Eka Wiryastuti, S.Sos",I Komang Gede Sanjaya,"info pasangan calon Ni Putu Eka Wiryastuti, S.Sos I Komang Gede Sanjaya"
696,"I Wayan Sarjana, S.Sos",Ir. Ida Bagus Komang Astawa Merta,"info pasangan calon I Wayan Sarjana, S.Sos Ir. Ida Bagus Komang Astawa Merta"
1217,Tajuddin Noor,Indrajaya,info pasangan calon Tajuddin Noor Indrajaya
948,"Dr. Undunsyah, MH, M.SI",Markus Yungking,"info pasangan calon Dr. Undunsyah, MH, M.SI Markus Yungking"
954,Akhmad Bey Yasin,Abdul Fatah,info pasangan calon Akhmad Bey Yasin Abdul Fatah
719,"dr. Zadrak Tombeg, Sp.A","Dra. Ch. Jeane Tandirerung, MM","info pasangan calon dr. Zadrak Tombeg, Sp.A Dra. Ch. Jeane Tandirerung, MM"
574,"Theofilus Allorerung, SE","Yohanis Lintin Paembongan, S.Th","info pasangan calon Theofilus Allorerung, SE Yohanis Lintin Paembongan, S.Th"
1023,Ir. Nicodemus Biringkanae,"Victor Datuan Batara, SH","info pasangan calon Ir. Nicodemus Biringkanae Victor Datuan Batara, SH"
549,MARDANI H MAMING,H.SUDIAN NOOR,info pasangan calon MARDANI H MAMING H.SUDIAN NOOR
551,ABDUL HAKIM G,GUSTI CHAPIZI,info pasangan calon ABDUL HAKIM G GUSTI CHAPIZI
628,DRS. H . IRDINANSYAH TARMIZI,ZULDAFRI DARMA,info pasangan calon DRS. H . IRDINANSYAH TARMIZI ZULDAFRI DARMA
552,"KOMBES POL (PURN) H. SYAHERDAM, SH","H SULTANI, S.Pt, M.Si","info pasangan calon KOMBES POL (PURN) H. SYAHERDAM, SH H SULTANI, S.Pt, M.Si"
723,IR. H. EDI ARMAN,"TAUFIQ IDRIS, SH","info pasangan calon IR. H. EDI ARMAN TAUFIQ IDRIS, SH"
500,"Drs. H. Anwar Sadat, M.Ag","Suhatmeri, SH","info pasangan calon Drs. H. Anwar Sadat, M.Ag Suhatmeri, SH"
619,Drs. Mukri,"Harnuni, SH","info pasangan calon Drs. Mukri Harnuni, SH"
679,DR.Ir. H.Safrial.MS,Drs.H. Amir Sakib,info pasangan calon DR.Ir. H.Safrial.MS Drs.H. Amir Sakib
498,"H. ROMI HARIYANTO, SE",H. ROBBY NAHLIYANSYAH,"info pasangan calon H. ROMI HARIYANTO, SE H. ROBBY NAHLIYANSYAH"
556,"Hj. DILLAH HIKMAH SARI, ST","GATOT SUMARTO, SH","info pasangan calon Hj. DILLAH HIKMAH SARI, ST GATOT SUMARTO, SH"
396,H.MHD.YUSUF SIREGAR,"H.RUSYDI NASUTION, STP, MM","info pasangan calon H.MHD.YUSUF SIREGAR H.RUSYDI NASUTION, STP, MM"
404,Ir. H.ALDINZ RAPOLO SIREGAR,"BORKAT,S.Sos,MM","info pasangan calon Ir. H.ALDINZ RAPOLO SIREGAR BORKAT,S.Sos,MM"
675,"H.SYAHRUL M. PASARIBU, SH","Ir. H. ASWIN EFENDI SIREGAR, MM","info pasangan calon H.SYAHRUL M. PASARIBU, SH Ir. H. ASWIN EFENDI SIREGAR, MM"
510,"Ir. Petrus Kasihiuw, MT","Matret Kokop, SH","info pasangan calon Ir. Petrus Kasihiuw, MT Matret Kokop, SH"
563,"Agustinus Manibuy,S.Pi.M.Si",Rahman Urbun.S.Ap,"info pasangan calon Agustinus Manibuy,S.Pi.M.Si Rahman Urbun.S.Ap"
714,"Daniel Asmorom, SH, MM",Yohanis Manibuy,"info pasangan calon Daniel Asmorom, SH, MM Yohanis Manibuy"
1037,"Drs. ANDARIAS KAYUKATUI, M.Si",Dra. FLORA RUMBEKWAN,"info pasangan calon Drs. ANDARIAS KAYUKATUI, M.Si Dra. FLORA RUMBEKWAN"
659,"JIMMY FEIDIE EMAN, SE. Ak",SYERLY ADELYN SOMPOTAN,"info pasangan calon JIMMY FEIDIE EMAN, SE. Ak SYERLY ADELYN SOMPOTAN"
373,Drs. JOHNY RUNTUWENE,Dra. VONNY JANE PAAT,info pasangan calon Drs. JOHNY RUNTUWENE Dra. VONNY JANE PAAT
739,H. Rusdi Mastura,"H. Ihwan Datu Adam, SE","info pasangan calon H. Rusdi Mastura H. Ihwan Datu Adam, SE"
673,"Drs. H. Longki Djanggola, M.Si","H. Sudarto, SH.,M.Hum","info pasangan calon Drs. H. Longki Djanggola, M.Si H. Sudarto, SH.,M.Hum"
325,"OLLY DONDOKAMBEY, SE",DRS. STEVEN O.E KANDOUW,"info pasangan calon OLLY DONDOKAMBEY, SE DRS. STEVEN O.E KANDOUW"
746,MAYA RUMANTIR,GLENNY KAIRUPAN,info pasangan calon MAYA RUMANTIR GLENNY KAIRUPAN
399,"PROF. DR. H. IRWAN PRAYITNO, PSI, MSC",DRS. H. NASRUL ABIT,"info pasangan calon PROF. DR. H. IRWAN PRAYITNO, PSI, MSC DRS. H. NASRUL ABIT"
877,"DRS. H. MUSLIM KASIM, AK, MM","DR. FAUZI BAHAR, M.SI","info pasangan calon DRS. H. MUSLIM KASIM, AK, MM DR. FAUZI BAHAR, M.SI"
504,"Drs.H. Zulkifli, A.S, M.Si","Eko Suharjo, SE","info pasangan calon Drs.H. Zulkifli, A.S, M.Si Eko Suharjo, SE"
517,Ir. Lakhomizaro Zebua,"Sowa'a Laoli, SE., M.Si","info pasangan calon Ir. Lakhomizaro Zebua Sowa'a Laoli, SE., M.Si"
1002,"Drs. MARTINUS LASE, MSP","Drs. KEMURNIAN ZEBUA, BE","info pasangan calon Drs. MARTINUS LASE, MSP Drs. KEMURNIAN ZEBUA, BE"
802,MOCH HARYANTO,"AGUS SUSATYO, BE, ST, MM","info pasangan calon MOCH HARYANTO AGUS SUSATYO, BE, ST, MM"
804,"Ir. H. SIGIT WIDYONINDITO, MT",Dra. WINDARTI AGUSTINA,"info pasangan calon Ir. H. SIGIT WIDYONINDITO, MT Dra. WINDARTI AGUSTINA"
59,"JOKO PRASETYO, S.Sos, MM",Drs. PRIYO WASPODO,"info pasangan calon JOKO PRASETYO, S.Sos, MM Drs. PRIYO WASPODO"
881,"Dr.HARLEY A.B. MANGINDAAN, SE.MSM",JEMMY ASIKU,"info pasangan calon Dr.HARLEY A.B. MANGINDAAN, SE.MSM JEMMY ASIKU"
884,"DR. Ir. GODBLESS SOFCAR VICKY LUMENTUT, SH.,M.Si",MOR DOMINUS BASTIAAN,"info pasangan calon DR. Ir. GODBLESS SOFCAR VICKY LUMENTUT, SH.,M.Si MOR DOMINUS BASTIAAN"
872,"HANNY JOOST PAJOUW, SE.Ak.ME","GREGORIUS TONNY RAWUNG, SE","info pasangan calon HANNY JOOST PAJOUW, SE.Ak.ME GREGORIUS TONNY RAWUNG, SE"
875,"JIMMY RIMBA ROGI, S.Sos",BOBY DAUD,"info pasangan calon JIMMY RIMBA ROGI, S.Sos BOBY DAUD"
920,"Drs. Ramadhan Pohan, MIS","Dr. Eddie Kusuma, SH, MH","info pasangan calon Drs. Ramadhan Pohan, MIS Dr. Eddie Kusuma, SH, MH"
914,"Drs. Dzulmi Eldin, M.Si.","Ir. Akhyar Nasution, M.Si.","info pasangan calon Drs. Dzulmi Eldin, M.Si. Ir. Akhyar Nasution, M.Si."
590,"H. AHMAD PAIRIN, S. Sos.","H. DJOHAN, S.E., M.M.","info pasangan calon H. AHMAD PAIRIN, S. Sos. H. DJOHAN, S.E., M.M."
577,Drs. H. SUDARSONO,"TAUFIK HIDAYAT, S.Sos., MH","info pasangan calon Drs. H. SUDARSONO TAUFIK HIDAYAT, S.Sos., MH"
344,"H. OKTA NOVANDRA JAYA, S.Sos.","Drs. H. WAHADI, M.M.","info pasangan calon H. OKTA NOVANDRA JAYA, S.Sos. Drs. H. WAHADI, M.M."
244,"Ir. SUPRIADI, M.P.","MEGASARI, S.E., S.Si., Apt., M.M.","info pasangan calon Ir. SUPRIADI, M.P. MEGASARI, S.E., S.Si., Apt., M.M."
587,"Ir. H. ABDUL HAKIM, MM",drh. MUCHLIDO APRILIAST,"info pasangan calon Ir. H. ABDUL HAKIM, MM drh. MUCHLIDO APRILIAST"
745,"HJ. Habsa Yanti Ponulele, ST.,M.Si","Tamrin H. Samauna, S.Sos","info pasangan calon HJ. Habsa Yanti Ponulele, ST.,M.Si Tamrin H. Samauna, S.Sos"
752,"H. Hadianto Rasyid, SE","Hj. Wiwik Jumatul Rofi'ah, S.Ag.,MH","info pasangan calon H. Hadianto Rasyid, SE Hj. Wiwik Jumatul Rofi'ah, S.Ag.,MH"
777,"Drs. Hidayat, M.Si",Sigit Purnomo,"info pasangan calon Drs. Hidayat, M.Si Sigit Purnomo"
687,"Drs. H. Setiyono, M.Si",Raharto Teno Prasetyo,"info pasangan calon Drs. H. Setiyono, M.Si Raharto Teno Prasetyo"
688,"H. Hasani, SH, MH.",Mukhamad Yasin,"info pasangan calon H. Hasani, SH, MH. Mukhamad Yasin"
103,Yus Samsul Hadi Subakir,Agus Wibowo,info pasangan calon Yus Samsul Hadi Subakir Agus Wibowo
924,"Drs. H. ABDUL HAKAN NAJA, M.Si","Dra. NUR CHASANAH, MM","info pasangan calon Drs. H. ABDUL HAKAN NAJA, M.Si Dra. NUR CHASANAH, MM"
927,"H. ACHMAD ALF ARSLAN DJUNAID, SE",H. M. SAELANY MACHFUDZ,"info pasangan calon H. ACHMAD ALF ARSLAN DJUNAID, SE H. M. SAELANY MACHFUDZ"
966,"dr. H. DWI HERI WIBAWA, M.Kes",Ir. H. SUTARIP TULIS WIDODO,"info pasangan calon dr. H. DWI HERI WIBAWA, M.Kes Ir. H. SUTARIP TULIS WIDODO"
167,SUJITO,DJUMADI,info pasangan calon SUJITO DJUMADI
935,"Wesley Silalahi, SH, M.Kn",H. Sailanto,"info pasangan calon Wesley Silalahi, SH, M.Kn H. Sailanto"
286,Hulman Sitorus SE,Hefriansyah Noor,info pasangan calon Hulman Sitorus SE Hefriansyah Noor
287,Teddy Robinson Siahaan,Zaenal Purba,info pasangan calon Teddy Robinson Siahaan Zaenal Purba
668,"H.Syaharie Ja'ang, SH., M.Si.","Ir. H. Nusyirwan Ismail, M.Si.","info pasangan calon H.Syaharie Ja'ang, SH., M.Si. Ir. H. Nusyirwan Ismail, M.Si."
1244,"MUDIYAT NOOR, S.Hut",ISWANDI. SE. MM,"info pasangan calon MUDIYAT NOOR, S.Hut ISWANDI. SE. MM"
332,SIGIT IBNUGROHO SARASPRONO,"R. AGUS SUTYOSO, Ir., M.Si.","info pasangan calon SIGIT IBNUGROHO SARASPRONO R. AGUS SUTYOSO, Ir., M.Si."
703,"H. HENDRAR PRIHADI ALIAS HENDI, S.E., M.M.",Ir. Hj. HEVEARITA GUNARYANTI RAHAYU,"info pasangan calon H. HENDRAR PRIHADI ALIAS HENDI, S.E., M.M. Ir. Hj. HEVEARITA GUNARYANTI RAHAYU"
263,"Drs. H. SOEMARMO HS, M.Si.","H. ZUBER SAFAWI, S.H.I.","info pasangan calon Drs. H. SOEMARMO HS, M.Si. H. ZUBER SAFAWI, S.H.I."
555,M. SYARFI HUTAURUK,EDIPOLO SITANGGANG,info pasangan calon M. SYARFI HUTAURUK EDIPOLO SITANGGANG
705,"MEMORI EVA ULINA PANGGABEAN, SH",JANSUL PERDANA PASARIBU,"info pasangan calon MEMORI EVA ULINA PANGGABEAN, SH JANSUL PERDANA PASARIBU"
1106,"H. Irzal Ilyas Datuk Lawik Basa, MM",H. Alfauzi Bote,"info pasangan calon H. Irzal Ilyas Datuk Lawik Basa, MM H. Alfauzi Bote"
437,"H. Zul Elfian Dt. Tianso SH, M.Si","Reinier Dt. Intan Batuah, ST, MM","info pasangan calon H. Zul Elfian Dt. Tianso SH, M.Si Reinier Dt. Intan Batuah, ST, MM"
871,"H. Ismael Koto, SH","Jon Hendra, SH","info pasangan calon H. Ismael Koto, SH Jon Hendra, SH"
735,H. ASAFRI JAYA BAKRI,H. ZUHELMI,info pasangan calon H. ASAFRI JAYA BAKRI H. ZUHELMI
579,"FERRY SATRIA, ST","BUZARMAN, S.Pd","info pasangan calon FERRY SATRIA, ST BUZARMAN, S.Pd"
372,"HERMAN MUCHTAR, SE, MM","NUZRAN JOHER, S.Ag, M.Si","info pasangan calon HERMAN MUCHTAR, SE, MM NUZRAN JOHER, S.Ag, M.Si"
962,FX. HADI RUDYATMO,"Dr. H. ACHMAD PURNOMO, Apt","info pasangan calon FX. HADI RUDYATMO Dr. H. ACHMAD PURNOMO, Apt"
964,"Drs. ANUNG INDRO SUSANTO, MM",MUHAMMAD FAJRI,"info pasangan calon Drs. ANUNG INDRO SUSANTO, MM MUHAMMAD FAJRI"
744,"Drs.H.ARSID,M.Si","Dr.ELVIER ARIADIANNIE SOEDARTO POETRI,MARS","info pasangan calon Drs.H.ARSID,M.Si Dr.ELVIER ARIADIANNIE SOEDARTO POETRI,MARS"
381,Dr.IKHSAN MODJO,LI CLAUDIA CHANDRA,info pasangan calon Dr.IKHSAN MODJO LI CLAUDIA CHANDRA
370,"HJ.AIRIN RACHMI DIANY,SH.,MH",DRS. H. BENYAMIN DAVNIE,"info pasangan calon HJ.AIRIN RACHMI DIANY,SH.,MH DRS. H. BENYAMIN DAVNIE"
436,"Drs. H. HAMLET SINAMBELA, M.Pd","SURYA DARMA. AR, SH","info pasangan calon Drs. H. HAMLET SINAMBELA, M.Pd SURYA DARMA. AR, SH"
763,"Dr. MILVAN HADI, M.Ked (OG), Sp.OG","TENGKU DIRKHANSYAH ABU SUBHAN ALI, SE.AK","info pasangan calon Dr. MILVAN HADI, M.Ked (OG), Sp.OG TENGKU DIRKHANSYAH ABU SUBHAN ALI, SE.AK"
750,"MHD. SYAHRIAL, SH, MH",Drs. H. ISMAIL,"info pasangan calon MHD. SYAHRIAL, SH, MH Drs. H. ISMAIL"
753,ROLEL HARAHAP,"H. ROMAY NOOR, SE","info pasangan calon ROLEL HARAHAP H. ROMAY NOOR, SE"
492,"Dr. H. Burhan Abdurrahman, SH. MM","H. Abdullah Tahir, SH","info pasangan calon Dr. H. Burhan Abdurrahman, SH. MM H. Abdullah Tahir, SH"
493,Dr. H. Sidik Dero Siokana,H. Djasman Abubakar,info pasangan calon Dr. H. Sidik Dero Siokana H. Djasman Abubakar
354,"DR. H. A. RACHMAN SULAIMAN, SH. MH",ANWAR HASAN,"info pasangan calon DR. H. A. RACHMAN SULAIMAN, SH. MH ANWAR HASAN"
151,DR.SUDJUD SIRADJUDDIN,ARIFIN DJAFAR MSi,info pasangan calon DR.SUDJUD SIRADJUDDIN ARIFIN DJAFAR MSi
1133,Ali Ibrahim,Muhammad Sinaen,info pasangan calon Ali Ibrahim Muhammad Sinaen
1134,Muhammad Hasan Bay,Mochtar Sangaji,info pasangan calon Muhammad Hasan Bay Mochtar Sangaji
62,Drs. HAMID MUHAMMAD,ABDURAHIM SARAHA,info pasangan calon Drs. HAMID MUHAMMAD ABDURAHIM SARAHA
615,"LINNEKE SJERLIE WATOELANGKOW,SSi","FERDINAD MONO TURANG, S.SOS","info pasangan calon LINNEKE SJERLIE WATOELANGKOW,SSi FERDINAD MONO TURANG, S.SOS"
