id_laporan,tag
00001,pidana
00001,masa tenang
00001,poster
00001,foto
00002,pidana
00002,masa tenang
00002,kampanye
00003,facebook
00003,masa tenang
00004,pidana
00004,tps
00004,kertas suara
00005,pidana
00005,masa tenang
00005,kampanye
00006,pidana
00006,tps
00006,suara
00007,pidana
00007,dpr
00007,caleg
00007,money politic
00008,dpd
00008,alat peraga
00009,dpd
00009,alat peraga
00010,dpr
00010,alat peraga
00011,dpd
00011,caleg
00011,alat peraga
00012,dprd
00012,caleg
00012,alat peraga
00013,dprd
00013,caleg
00013,alat peraga
00014,partai
00014,kampanye
00014,alat peraga
00015,dprd
00015,caleg
00015,alat peraga
00016,dpr
00016,caleg
00016,alat peraga
00017,dprd
00017,caleg
00017,alat peraga
00018,dpr
00018,caleg
00018,alat peraga
00019,dprd
00019,caleg
00019,alat peraga
00020,dpd
00020,alat peraga
00021,dpd
00021,jakarta
00021,alat peraga
00022,dprd
00022,caleg
00022,alat peraga
00023,dpr
00023,caleg
00023,alat peraga
00024,dpd
00024,alat peraga
00025,dpd
00025,alat peraga
00026,partai
00026,alat peraga
00027,dprd
00027,caleg
00027,alat peraga
00028,dprd
00028,caleg
00028,alat peraga
00029,dprd
00029,caleg
00029,alat peraga
00030,dprd
00030,caleg
00030,alat peraga
00031,dprd
00031,caleg
00031,alat peraga
00032,partai
00032,alat peraga
00033,pidana
00033,partai
00034,pidana
00034,partai
00034,money politic
00035,pidana
00035,partai
00035,money politic
00036,pidana
00036,partai
00036,money politic
00037,pidana
00037,partai
00037,money politic
00038,dprd
00038,caleg
00038,alat peraga
00039,partai
00039,alat peraga
00040,partai
00040,alat peraga
00041,dpr
00041,caleg
00041,alat peraga
00042,dprd
00042,caleg
00042,alat peraga
00043,dprd
00043,caleg
00043,alat peraga
00044,dprd
00044,caleg
00044,alat peraga
00045,pidana
00045,partai
00045,money politic
00046,partai
00046,alat peraga
00047,dpr
00047,caleg
00047,alat peraga
00048,pidana
00048,dprd
00048,caleg
00048,money politic
00049,partai
00049,iklan
00050,partai
00050,iklan
00051,pidana
00051,dprd
00051,caleg
00051,anak anak
00052,pidana
00052,caleg
00052,money politic
00053,pidana
00053,caleg
00053,money politic
00054,partai
00054,alat peraga
00055,televisi
00055,iklan
00056,partai
00056,iklan
00057,partai
00057,anak anak
00058,partai
00058,alat peraga
00059,dprd
00059,caleg
00059,alat peraga
00060,dprd
00060,caleg
00060,alat peraga
00061,dpr
00061,caleg
00061,alat peraga
00062,caleg
00062,alat peraga
00063,dpr
00063,demokrat
00063,alat peraga
00064,caleg
00064,alat peraga
00065,pidana
00065,dprd
00065,alat peraga
00066,pidana
00066,dprd
00066,anak anak
00067,partai
00067,alat peraga
00068,dpr
00068,dprd
00068,alat peraga
00069,dprd
00069,caleg
00069,berita
00070,pidana
00070,partai
00070,pengerahan massa
00071,pidana
00071,partai
00071,pengerahan massa
00072,partai
00072,alat peraga
00073,pidana
00073,dprd
00073,money politic
00074,pidana
00074,partai
00074,anak anak
00075,pidana
00075,dpr
00075,money politic
00076,partai
00076,iklan
00077,pidana
00077,caleg
00077,money politic
00078,kampanye
00078,partai
00078,alat peraga
00079,partai
00079,alat peraga
00080,pidana
00080,dprd
00080,sara
00081,dpr
00081,caleg
00081,alat peraga
00082,partai
00082,alat peraga
00083,partai
00083,alat peraga
00084,partai
00084,iklan
00085,dpt
00085,pemilih
00086,pidana
00086,partai
00086,money politic
00087,partai
00087,lain lain
00088,pidana
00088,dprd
00088,anak anak
00089,pidana
00089,dprd
00089,money politic
00090,pidana
00090,dprd
00090,money politic
00091,pidana
00091,dprd
00091,tempat terlarang
00092,dpt
00092,pemilih
00093,pidana
00093,panitia
00094,masa tenang
00094,partai
00095,masa tenang
00095,partai
00096,masa tenang
00096,partai
00097,pidana
00097,panitia
00097,kpps
00098,pidana
00098,tps
00098,data pemilih
00099,pidana
00099,tps
00099,caleg
00100,pidana
00100,dpt
00101,pidana
00101,money politic
00102,tps
00102,panitia
00103,dprd
00103,caleg
00103,alat peraga
00104,partai
00104,alat peraga
00105,dprd
00105,caleg
00105,alat peraga
00106,dprd
00106,caleg
00106,alat peraga
00107,partai
00107,alat peraga
00108,dpr
00108,caleg
00108,alat peraga
00109,pidana
00109,money politic
00110,dpr
00110,caleg
00110,alat peraga
00111,pidana
00111,panitia
00111,kpps
00112,kampanye
00112,alat peraga
00113,pidana
00113,caleg
00113,money politic
00114,kampanye
00114,alat peraga
00115,kampanye
00115,alat peraga
00116,kampanye
00116,alat peraga
00117,kampanye
00117,alat peraga
00118,kampanye
00118,alat peraga
00119,kampanye
00119,alat peraga
00120,partai
00120,alat peraga
00121,pidana
00121,panitia
00121,tps
00122,pidana
00122,caleg
00122,money politic
00123,partai
00123,money politic
00124,dpr
00124,caleg
00124,alat peraga
00125,dpr
00125,caleg
00125,alat peraga
00126,dprd
00126,caleg
00126,alat peraga
00127,dprd
00127,caleg
00127,alat peraga
00128,pidana
00128,partai
00129,dprd
00129,pdip
00129,alat peraga
00130,dpr
00130,dprd
00130,alat peraga
00131,caleg
00131,alat peraga
00132,dpr
00132,caleg
00132,alat peraga
00133,dpr
00133,caleg
00133,alat peraga
00134,masa tenang
00134,partai
00135,masa tenang
00135,partai
00135,alat peraga
00136,pidana
00136,sms
00137,minggu tenang
00137,alat peraga
00138,minggu tenang
00138,alat peraga
00139,pidana
00139,minggu tenang
00139,kampanye
00140,dpr
00140,alat peraga
00141,masa tenang
00141,kampanye
00142,masa tenang
00142,iklan
00143,pidana
00143,masa tenang
00143,kampanye
00144,masa tenang
00144,kampanye
00144,partai
00145,masa tenang
00145,kampanye
00145,partai
00146,pidana
00146,money politic
00147,pidana
00147,money politic
00148,pidana
00148,money politic
00149,pidana
00149,alat peraga
00150,pidana
00150,masa tenang
00150,kampanye
00151,pidana
00151,masa tenang
00151,kampanye
00152,pidana
00152,masa tenang
00152,kampanye
00153,pidana
00153,masa pemilihan
00153,kampanye
00154,pidana
00154,panitia
00154,pemilih
00155,pidana
00155,panitia
00155,pemilih
00156,pidana
00156,panitia
00156,tps
00157,pidana
00157,masa tenang
00157,kampanye
00158,pidana
00158,masa tenang
00158,kampanye
00159,pidana
00159,masa pemilihan
00159,kampanye
00160,pidana
00160,masa pemilihan
00160,kampanye
00161,pidana
00161,masa pemilihan
00161,kampanye
00162,pidana
00162,masa pemilihan
00162,kampanye
00163,pidana
00163,masa pemilihan
00163,kampanye
00164,pidana
00164,panitia
00164,pps
00165,pidana
00165,masa tenang
00165,kampanye
00166,pidana
00166,pks
00166,money politic
00167,pidana
00167,masa tenang
00167,kampanye
00168,pidana
00168,masa tenang
00168,kampanye
00169,pidana
00169,masa tenang
00169,kampanye
00170,pidana
00170,masa tenang
00170,kampanye
00171,pidana
00171,masa tenang
00171,kampanye
00172,pidana
00172,masa tenang
00172,kampanye
00173,pidana
00173,panitia
00174,pidana
00174,money politic
00175,pidana
00175,masa tenang
00175,kampanye
00176,pidana
00176,masa tenang
00176,kampanye
00177,pidana
00177,masa tenang
00177,kampanye
00178,pidana
00178,masa tenang
00178,kampanye
00179,pidana
00179,masa tenang
00179,kampanye
00180,pidana
00180,masa tenang
00180,kampanye
00181,pidana
00181,masa tenang
00181,kampanye
00182,pidana
00182,masa tenang
00182,kampanye
00183,pidana
00183,masa tenang
00183,kampanye
00184,pidana
00184,masa tenang
00184,kampanye
00185,pidana
00185,masa tenang
00185,kampanye
00186,pidana
00186,masa tenang
00186,kampanye
00187,pidana
00187,masa tenang
00187,kampanye
00188,pidana
00188,masa tenang
00188,kampanye
00189,pidana
00189,masa tenang
00189,kampanye
00190,pidana
00190,masa tenang
00190,kampanye
00191,pidana
00191,masa tenang
00191,kampanye
00192,pidana
00192,masa tenang
00192,kampanye
00193,pidana
00193,masa tenang
00193,kampanye
00194,pidana
00194,masa tenang
00194,kampanye
00195,pidana
00195,masa tenang
00195,kampanye
00196,pidana
00196,masa tenang
00196,kampanye
00197,pidana
00197,masa tenang
00197,kampanye
00198,pidana
00198,masa tenang
00198,kampanye
00199,pidana
00199,masa tenang
00199,kampanye
00200,pidana
00200,masa tenang
00200,kampanye
00201,pidana
00201,masa tenang
00201,kampanye
00202,pidana
00202,masa tenang
00202,kampanye
00203,pidana
00203,money politic
00204,pidana
00204,partai
00204,money politic
00205,pidana
00205,caleg
00205,money politic
00206,KPU
00206,Panwaslu
00207,penggemblungan
00208,ppk
00209,kpu
00209,suara hilang
00209,caleg
00210,caleg
00210,money politic
00211,rekapitulasi
00211,caleg
00211,perubahan
00212,perubahan
00212,rekapitulasi
00212,caleg
00213,penggemblungan
00213,tps
00214,panwaslu
00214,kpud
00215,penggelembungan
00215,caleg
00216,pengurangan
00216,rekapitulasi
00217,pengurangan
00217,rekapitulasi
00218,penggelembungan
00219,pps
00220,rekapitulasi
00220,perubahan
00221,penggelembungan
00222,rekapitulasi
00222,manipulasi
00223,bawaslu
00223,panwaslu
00224,rekapitulasi
00224,perubahan
00225,kpu daerah
00226,pps
00226,money politics
00227,penggelembungan
00227,kpud
00228,rekapitulasi
00228,kpud
00229,kpud
00229,rekapitulasi
00230,rekapitulasi
00230,perubahan
00231,rekapitulasi
00231,perubahan
00232,penggelembungan
00233,rekapitulasi
00233,perubahan
00234,rekapitulasi
00234,panwaslu
00235,bawaslu
00235,panwaslu
00236,penggelembungan
00237,penggelembungan
00237,rekapitulasi
00238,penggelembungan
00239,rekapitulasi
00239,perubahan
00240,penggelembungan
00240,form c1
00241,form c1
00242,penggemebungan
00242,money politic
00243,kpu
00243,panwaslu
00244,penggelembungan
00245,penggelembungan
00246,manipulasi
00246,rekapitulasi
00247,perubahan
00247,rekapitulasi
00248,panitia
00248,tps
00249,panitia
00249,tps
00250,rekapitulasi
00250,perubahan
00251,penggelembungan
00252,penggelembungan
00253,rekapitulasi
00253,perubahan
00254,penggelembungan
00254,form c1
00255,penggelembungan
00256,panita
00256,tps
00257,rekapitulasi
00257,perubahan
00258,rekapitulasi
00258,perubahan
00259,penggelembungan
00260,masa tenang
00260,kampanye
00260,money politic
00261,rekapitulasi
00261,perubahan
00262,penggelembungan
00262,panwaslu
00262,form d1
00263,rekapitulasi
00263,perubahan
00264,bawaslu
00264,penggelembungan
00266,caleg
00266,money politic
00267,rekapitulasi
00267,perubahan
00268,caleg
00268,penggelembungan
00269,penggelembungan
00269,rekapitulasi
00270,penggelembungan
00270,rekapitulasi
00270,mobilisasi
00271,penggelembungan
00271,rekapitulasi
00272,rekapitulasi
00272,perubahan
00273,kpud
00274,panitia
00274,tps
00275,penggelembungan
00275,rekapitulasi
00276,rekapitulasi
00276,perubahan
00277,kpu
00277,bawaslu
00277,kpud
00278,rekapitulasi
00278,perubahan
00278,kpps
00279,rekapitulasi
00279,perubahan
00280,penggelembungan
00280,rekapitulasi
00281,penggelembungan
00281,rekapitulasi
00282,kpu
00282,panwaslu
00283,rekapitulasi
00283,perubahan
00284,penggelembungan
00284,rekapitulasi
00285,penggelembungan
00285,rekapitulasi
00286,rekapitulasi
00286,manipulasi
00287,rekapitulasi
00287,penggelembungan
00288,rekapitulasi
00288,penggelembungan
00289,caleg
00289,money politic
00290,rekapitulasi
00290,penggelembungan
00291,rekapitulasi
00291,penggelembungan
00292,rekapitulasi
00292,penggelembungan
00293,rekapitulasi
00293,penggelembungan
00294,rekapitulasi
00294,form c1
00295,caleg
00295,money politic
00295,penggelembungan
00296,kpud
00296,panwaslu
00297,rekapitulasi
00297,penggelembungan
00298,caleg
00298,kpud
00299,rekapitulasi
00299,penggelembungan
00300,rekapitulasi
00300,penggelembungan
00301,rekapitulasi
00301,penggelembungan
00302,rekapitulasi
00302,penggelembungan
00303,rekapitulasi
00303,perubahan
00304,pemilih
00305,rekapitulasi
00305,penggelembungan
00306,rekapitulasi
00306,penggelembungan
00307,rekapitulasi
00307,penggelembungan
00308,caleg
00308,money politic
00309,rekapitulasi
00309,penggelembungan
00310,rekapitulasi
00310,penggelembungan
00311,rekapitulasi
00311,penggelembungan
00312,rekapitulasi
00312,penggelembungan
00313,rekapitulasi
00313,penggelembungan
00314,rekapitulasi
00314,manipulasi
00315,money politic
00316,rekapitulasi
00316,penggelembungan
00317,rekapitulasi
00317,penggelembungan
00318,rekapitulasi
00318,penggelembungan
00319,rekapitulasi
00319,penggelembungan
00320,rekapitulasi
00320,penggelembungan
00321,rekapitulasi
00321,penggelembungan
00322,rekapitulasi
00322,penggelembungan
00323,rekapitulasi
00323,perubahan
00324,kode etik
00324,panwaslu
00324,pps
00325,rekapitulasi
00325,penggelembungan
00325,money politic
00326,rekapitulasi
00326,perubahan
00327,rekapitulasi
00327,perubahan
00328,rekapitulasi
00328,penggelembungan
00329,perempuan
00330,rekapitulasi
00330,penggelembungan
00331,panwaslu
00332,rekapitulasi
00332,perubahan
00333,rekapitulasi
00333,penggelembungan
00334,rekapitulasi
00334,penggelembungan
00335,rekapitulasi
00335,manipulasi
00336,rekapitulasi
00336,penggelembungan
00337,pidana
00338,rekapitulasi
00338,penggelembungan
00339,rekapitulasi
00339,penggelembungan
00340,rekapitulasi
00340,penggelembungan
00341,pidana
00341,kpps
00342,noken
00343,rekapitulasi
00343,penggelembungan
00344,rekomendasi
00344,bawaslu
00345,rekapitulasi
00345,penggelembungan
00346,kpud
00346,rekapitulasi
00347,kpud
00347,kode etik
00348,rekapitulasi
00348,penggelembungan
00349,mobilisasi massa
00350,rekapitulasi
00350,form c1
00351,panitia
00351,kpud
00352,rekapitulasi
00352,perubahan
00353,rekapitulasi
00353,penggelembungan
00354,rekapitulasi
00354,penggelembungan
00355,rekapitulasi
00355,penggelembungan
00356,rekapitulasi
00356,penggelembungan
00357,rekapitulasi
00357,penggelembungan
00358,rekapitulasi
00358,penggelembungan
00359,rekapitulasi
00359,penggelembungan
00360,rekapitulasi
00360,perubahan
00361,caleg
00361,money politic
00362,money politic
00363,rekapitulasi
00363,penggelembungan
00364,rekomendasi
00364,panwaslu
00365,rekomendasi
00365,panwaslu
00365,penggelembungan
00366,rekapitulasi
00366,perubahan
00367,rekapitulasi
00367,rekomendasi
00367,panwaslu
00368,pleno
00368,kpud
00369,kode etik
00369,kpps
00369,caleg
00370,rekomendasi
00370,bawaslu provinsi
00370,penggelembungan
00371,rekapitulasi
00371,perubahan
00372,rekapitulasi
00372,perubahan
00373,rekapitulasi
00373,penggelembungan
00374,kpps
00374,panwaslu
00376,rekapitulasi
00376,manipulasi
00377,rekapitulasi
00377,perubahan
00378,rekapitulasi
00378,penggelembungan
00379,rekapitulasi
00379,penggelembungan
00380,rekapitulasi
00380,perubahan
00381,kode etik
00381,kpps
00381,kpud
00382,rekapitulasi
00382,manipulasi
00383,money politic
00383,kpps
00384,rekapitulasi
00384,perubahan
00385,rekapitulasi
00385,penggelembungan
00386,pemalsuan
00387,tps
00387,panitia
00388,money politic
00388,panwaslu
00389,rekapitulasi
00389,penggelembungan
00390,kode etik
00390,kpud
00391,rekapitulasi
00391,manipulasi
00392,money politic
00392,caleg
00393,rekapitulasi
00393,perubahan
00394,rekapitulasi
00394,form c1
00395,rekapitulasi
00395,penggelembungan
00396,rekapitulasi
00396,penggelembungan
00397,rekapitulasi
00397,penggelembungan
00398,rekapitulasi
00398,perubahan
00399,rekomendasi
00399,panwaslu
00400,rekapitulasi
00400,manipulasi
00401,rekapitulasi
00401,manipulasi
00402,rekomendasi
00402,panwaslu
00403,rekapitulasi
00403,perubahan
00404,rekapitulasi
00404,manipulasi
00405,rekomendasi
00405,bawaslu
00406,panitia
00406,tps
00407,rekomendasi
00407,panwaslu
00408,rekapitulasi
00408,perubahan
00409,money politic
00410,rekapitulasi
00410,perubahan
00411,rekapitulasi
00411,perubahan
00412,rekapitulasi
00412,perbedaan
00413,rekapitulasi
00413,perubahan
00414,rekapitulasi
00414,penggelembungan
00415,rekapitulasi
00415,penggelembungan
00416,rekapitulasi
00416,perubahan
00417,rekapitulasi
00417,perubahan
00418,rekomendasi
00418,bawaslu
00419,caleg
00419,money politic
00420,money politic
00420,caleg
00421,DCT
00422,rekapitulasi
00422,perubahan
00423,bawaslu
00424,rekapitulasi
00424,penggelembungan
00425,rekapitulasi
00425,perubahan
00426,kode etik
00426,panwaslu
00427,kode etik
00427,kpps
00427,kpud
00428,kode etik
00428,kpud
00429,rekapitulasi
00429,penggelembungan
00430,kode etik
00430,kpud
00431,kode etik
00431,kpud
00432,rekapitulasi
00432,penggelembungan
00433,rekapitulasi
00433,perubahan
00434,kpud
00434,pleno
00435,kode etik
00435,kpud
